structure_id,slab_num,well_id,slab_type,structure_acronym,structure_name,polygon_id,mri_voxel_x,mri_voxel_y,mri_voxel_z,mni_x,mni_y,mni_z,mni_nlin_x,mni_nlin_y,mni_nlin_z
9143,92,160535133,BS,"7","facial motor nucleus, left",159127686,83,144,132,8.0,-41.0,-35.0,7.5874733745650902,-40.020611896551799,-36.5221554744222
9137,92,160535307,BS,"6","abducens nucleus, left",159122217,89,143,134,2.0,-43.0,-34.0,1.8699281109886501,-42.635837301462601,-35.6443091073302
9158,92,160535291,BS,"RPn","pontine raphe nucleus, left",158763790,92,144,132,-1.0,-41.0,-35.0,-2.1790390364590499,-41.428301082707797,-36.7487259333631
9698,92,160535275,BS,"8Ve","vestibular nuclei, left",159233515,82,144,134,9.0,-43.0,-35.0,8.1844886745116394,-41.962791846099599,-36.7135596928387
9677,92,160535259,BS,"Sp5","spinal trigeminal nucleus, left",156687325,80,144,131,11.0,-40.0,-35.0,10.383897488495,-38.855039605176799,-36.4208672744419
9492,92,160535227,BS,"Pn","pontine nuclei, left",158931290,87,145,120,4.0,-29.0,-36.0,4.9764395358411404,-29.328207560546399,-36.5126799876855
9207,92,160535211,BS,"Pr5","principal sensory nucleus of trigeminal nerve, left",156681113,80,144,132,11.0,-41.0,-35.0,10.2220502479144,-39.9312560289248,-36.5501980273473
9206,92,160535195,BS,"Mo5","motor nucleus of trigeminal nerve, left",158173122,83,144,131,8.0,-40.0,-35.0,7.67914595853959,-39.058836533300003,-36.4235367634135
9155,92,160535147,BS,"SubC","nucleus subceruleus, left",156260971,85,144,132,6.0,-41.0,-35.0,6.0159725348869202,-40.4128030788521,-36.4831237349816
9207,92,160535131,BS,"Pr5","principal sensory nucleus of trigeminal nerve, left",156257330,79,140,130,12.0,-39.0,-31.0,10.9049275413154,-37.667170345666499,-31.6720389320414
9206,92,160535305,BS,"Mo5","motor nucleus of trigeminal nerve, left",158171729,82,140,129,9.0,-38.0,-31.0,8.1323446871157703,-36.541220931449701,-31.7254927632044
9178,92,160535289,BS,"SOC","superior olivary complex, left",158887693,82,140,127,9.0,-36.0,-31.0,8.6191374995305594,-35.142385623335898,-31.2645372137538
10148,92,160535257,BS,"CGPo","central gray of the pons, left",159336482,86,140,132,5.0,-41.0,-31.0,4.7720027857765004,-40.593510307406198,-31.6355728775676
10148,92,160535241,BS,"CGPo","central gray of the pons, left",159053883,85,140,132,6.0,-41.0,-31.0,5.5431921811687097,-40.252934771021003,-31.6996767762668
9492,92,160535225,BS,"Pn","pontine nuclei, left",158930493,85,141,116,6.0,-25.0,-32.0,7.3462847021140796,-25.327284497841099,-31.3627220537424
9456,92,160535209,BS,"MBRa","midbrain raphe nuclei, left",158753224,91,140,132,0.0,-41.0,-31.0,-0.52725890607026304,-41.452934330105201,-31.9095761543015
9161,92,160535193,BS,"PRF","pontine reticular formation, left",156257944,89,140,128,2.0,-37.0,-31.0,2.1194930223044701,-36.656446111680502,-31.7209188962529
9152,92,160536137,BS,"MPB","medial parabrachial nucleus, left",158874366,82,140,133,9.0,-42.0,-31.0,7.9499756614340198,-40.950729317171202,-31.9619687428629
9149,92,160535161,BS,"LC","locus ceruleus, left",158875398,85,140,133,6.0,-42.0,-31.0,5.6034262482853796,-41.399943531433102,-31.6757356864954
4258,8,160091979,CX,"DG","dentate gyrus, left",145964255,120,129,107,-29.0,-16.0,-20.0,-30.748732701035099,-18.617356400550602,-18.3850209237045
4257,8,160091963,CX,"CA4","CA4 field, left",145964256,120,128,107,-29.0,-16.0,-19.0,-30.4780075061716,-18.663639991790902,-17.2934536957552
4255,8,160091931,CX,"CA2","CA2 field, left",145964254,124,125,107,-33.0,-16.0,-16.0,-34.2363599629699,-18.5116141136781,-14.2811097053878
9149,91,160535145,BS,"LC","locus ceruleus, left",158869764,88,134,131,3.0,-40.0,-25.0,2.93452850087548,-39.295722948580099,-24.9059462405539
9152,91,160535129,BS,"MPB","medial parabrachial nucleus, left",158867395,87,134,132,4.0,-41.0,-25.0,3.9241310615972198,-40.266194303286198,-24.9560103529441
9146,91,160535303,BS,"LPB","lateral parabrachial nucleus, left",158402832,82,134,132,9.0,-41.0,-25.0,8.2514318663189901,-40.078785325946797,-25.7044520484734
9161,91,160535287,BS,"PRF","pontine reticular formation, left",155768282,90,134,127,1.0,-36.0,-25.0,0.98764498375079601,-35.727158715317003,-25.183645422387
9492,91,160535271,BS,"Pn","pontine nuclei, left",158165401,87,136,114,4.0,-23.0,-27.0,4.9620353494763698,-23.007272403426999,-25.9903333425776
9103,91,160535255,BS,"IC","inferior colliculus, left",159148114,82,134,134,9.0,-43.0,-25.0,8.2293501981898505,-42.370176270043999,-25.8504835217288
9004,91,160535239,BS,"CGMB","central gray substance of midbrain, left",159148116,86,134,133,5.0,-42.0,-25.0,4.9108431785238604,-41.424295811139999,-25.034573704063
9103,91,160535207,BS,"IC","inferior colliculus, left",158161970,83,134,134,8.0,-43.0,-25.0,7.4418779773002202,-42.385984415789203,-25.639786952963
9075,91,160535191,BS,"SNR","substantia nigra, pars reticulata, left",157683080,83,135,121,8.0,-30.0,-26.0,8.3911506657349708,-30.215977330388,-25.5193688649255
9074,91,160535175,BS,"SNC","substantia nigra, pars compacta, left",157683052,85,135,119,6.0,-28.0,-26.0,6.6197721545966299,-28.2060164508787,-25.56527232418
9067,91,160535159,BS,"VTA","ventral tegmental area, left",157706283,89,135,118,2.0,-27.0,-26.0,2.5828593405179201,-26.9654345337389,-25.6506181381019
9020,91,160536103,BS,"CnF","cuneiform nucleus, left",158401655,84,134,131,7.0,-40.0,-25.0,6.4087824481891698,-38.590167566603803,-25.5359962874955
9004,91,160536087,BS,"CGMB","central gray substance of midbrain, left",153253835,85,134,133,6.0,-42.0,-25.0,5.7827230882393899,-41.271396472592997,-25.2199876732461
4596,6,160091486,CX,"LHA","lateral hypothalamic area, anterior region, left",158440291,100,115,86,-9.0,5.0,-6.0,-9.8493902155309296,4.1405164020810501,-6.62052972825718
4301,6,160091500,CX,"SptN","septal nuclei, left",158438715,98,95,86,-7.0,5.0,14.0,-7.3971083331732599,4.7943251049524198,15.0133950301862
4518,7,160091618,CX,"Sb","subthalamic nucleus, left",158449679,99,117,94,-8.0,-3.0,-8.0,-8.9968321610735007,-3.3046224081402702,-8.23798903097867
4507,7,160091570,CX,"ZI","zona incerta, left",146480724,100,112,94,-9.0,-3.0,-3.0,-9.8535030887635209,-3.2405525795843801,-3.41494312327018
4672,7,160091584,CX,"MM","medial mammillary nucleus, left",158439716,93,124,94,-2.0,-3.0,-15.0,-1.9545967335775201,-3.3444551106647,-14.1902217284323
4440,9,160091897,CX,"LGd","dorsal lateral geniculate nucleus, left",157974498,118,118,117,-27.0,-26.0,-9.0,-26.825919600000798,-28.148939868676901,-8.11517226199191
4444,9,160091833,CX,"MG","medial geniculate complex, left",156901563,105,113,117,-14.0,-26.0,-4.0,-14.4278457615,-26.484040211578101,-3.93304067427031
4440,9,160092007,CX,"LGd","dorsal lateral geniculate nucleus, left",156688954,117,118,117,-26.0,-26.0,-9.0,-25.841859025660298,-28.009848158231598,-8.20050467148041
4409,9,160091959,CX,"DTLd","lateral group of nuclei, left, dorsal division",156890323,109,100,117,-18.0,-26.0,9.0,-18.472781679171199,-26.967307143253699,9.59316872389731
4258,9,160091911,CX,"DG","dentate gyrus, left",148020449,121,122,117,-30.0,-26.0,-13.0,-30.0706946562333,-27.997488580456,-11.444798249568
4251,7,159438961,CX,"S","subiculum, left",147944867,108,139,94,-17.0,-3.0,-30.0,-23.442765824144299,-5.2249942017999098,-29.2408573843736
9558,93,165372250,BS,"12","hypoglossal nucleus, left",159225465,90,161,134,1.0,-43.0,-52.0,0.92922388111688503,-43.475253457427101,-54.4222617537183
9543,93,165372234,BS,"Cu","cuneate nucleus, left",158868946,85,161,135,6.0,-44.0,-52.0,5.2942933708643301,-41.774586390034997,-54.18459651435
9546,93,165372218,BS,"10","dorsal motor nucleus of the vagus, left",159225466,89,161,136,2.0,-45.0,-52.0,1.9139720630174699,-45.683904179231398,-54.2293601033762
9698,93,165372202,BS,"8Ve","vestibular nuclei, left",158869030,87,161,138,4.0,-47.0,-52.0,3.91771509735648,-47.034319310857001,-54.0021216549824
9677,93,165372186,BS,"Sp5","spinal trigeminal nucleus, left",156835216,85,162,132,6.0,-41.0,-53.0,5.9044419554480596,-38.639398349912199,-55.2619510393693
9642,93,165372170,BS,"RaM","raphe nuclei of medulla",158927710,91,161,131,0.0,-40.0,-52.0,0.12293896233550999,-39.529315234406702,-54.7603582651792
9614,93,165372154,BS,"LMRt","lateral medullary reticular group, left",156877130,86,162,129,5.0,-38.0,-53.0,5.4966680668630596,-36.625340069318703,-55.1873250228757
9598,93,165372138,BS,"GiRt","gigantocellular group, left",159236990,89,162,132,2.0,-41.0,-53.0,1.97037579880853,-40.481440445508099,-55.7037764196387
9561,93,165372122,BS,"IO","inferior olivary complex, left",158445912,88,163,127,3.0,-36.0,-54.0,3.6917282848911599,-34.989393263938197,-56.4427803949515
9543,93,165372252,BS,"Cu","cuneate nucleus, left",158880240,90,172,135,1.0,-44.0,-63.0,0.96176557503530302,-45.448348645823003,-67.5210621433788
9677,93,165372188,BS,"Sp5","spinal trigeminal nucleus, left",156883132,88,169,134,3.0,-43.0,-60.0,3.4007507896418798,-43.354663251081398,-63.4445217132759
9546,93,165372282,BS,"10","dorsal motor nucleus of the vagus, left",159227118,91,169,135,0.0,-44.0,-60.0,0.0064604009703333196,-44.959789242507199,-63.810212183746
9543,93,165372266,BS,"Cu","cuneate nucleus, left",158869725,89,168,136,2.0,-45.0,-59.0,2.1929364861395402,-45.9756699737639,-62.2525655030301
9561,93,165372106,BS,"IO","inferior olivary complex, left",158143206,88,160,125,3.0,-34.0,-51.0,4.0436710721182898,-32.926951070508203,-53.2502865794392
9698,93,165372280,BS,"8Ve","vestibular nuclei, left",158834741,84,157,134,7.0,-43.0,-48.0,6.2434493526776,-40.369661733751897,-49.8080509022474
9677,93,165372264,BS,"Sp5","spinal trigeminal nucleus, left",156833972,86,157,132,5.0,-41.0,-48.0,4.6178383862752703,-39.230424832085099,-50.0315884877426
9642,93,165372248,BS,"RaM","raphe nuclei of medulla",158926265,92,158,131,-1.0,-40.0,-49.0,-0.79920532862686899,-39.356974942454897,-51.4915673649232
9598,93,165372232,BS,"GiRt","gigantocellular group, left",159225204,90,158,131,1.0,-40.0,-49.0,1.1051237145532999,-39.229845068518202,-51.3759760073622
9529,93,165372216,BS,"8Co","cochlear nuclei, left",156834027,80,157,133,11.0,-42.0,-48.0,10.7483944213564,-39.482007133645602,-49.1929188927635
9520,93,165372200,BS,"Arc","arcuate nucleus of medulla, left",159333435,92,160,126,-1.0,-35.0,-51.0,-0.42879522906719297,-33.745371522814601,-53.5366696326901
9492,93,165372184,BS,"Pn","pontine nuclei, left",159051862,92,160,122,-1.0,-31.0,-51.0,-0.073522441066950994,-29.872079394105999,-53.238896285216
9143,93,165372168,BS,"7","facial motor nucleus, left",159378732,86,158,131,5.0,-40.0,-49.0,4.7787807347196098,-38.121754503754303,-51.1098098215014
9137,93,165372152,BS,"6","abducens nucleus, left",159378546,87,156,135,4.0,-44.0,-47.0,3.8304343365827802,-43.7555495191516,-48.6905264109524
9598,92,165372136,BS,"GiRt","gigantocellular group, left",158928369,91,149,125,0.0,-34.0,-40.0,0.33158213690458099,-33.886737292315999,-42.0132210687929
9492,92,165372120,BS,"Pn","pontine nuclei, left",158947506,87,151,115,4.0,-24.0,-42.0,5.8167967621100098,-23.751070350576601,-42.6866236074806
9178,92,165372104,BS,"SOC","superior olivary complex, left",159041175,85,149,123,6.0,-32.0,-40.0,7.2299223357974496,-32.225466957661602,-41.570479442393
4440,8,160091901,CX,"LGd","dorsal lateral geniculate nucleus, left",147711165,116,119,107,-25.0,-16.0,-10.0,-25.6155658269677,-17.854497620680601,-8.73884226852451
9074,8,160091869,CX,"SNC","substantia nigra, pars compacta, left",147064714,106,120,107,-15.0,-16.0,-11.0,-16.053540554088901,-16.705661787553499,-10.3549192970545
4254,8,160091915,CX,"CA1","CA1 field, left",147066198,123,131,107,-32.0,-16.0,-22.0,-34.192625858759399,-18.291074091633,-20.1365910688377
4648,6,160091566,CX,"PeF","perifornical nucleus, left",158405196,99,118,85,-8.0,6.0,-9.0,-8.8936078350504104,4.8484674680439204,-9.44076152306386
4637,6,160091502,CX,"VMH","ventromedial hypothalamic nucleus, left",158405193,97,118,85,-6.0,6.0,-9.0,-6.6331078687013996,4.9421820847694704,-9.43695584465241
4311,6,160091644,CX,"DBh","nucleus of the diagonal band, left, vertical division",158440955,108,121,86,-17.0,5.0,-12.0,-18.7837537352369,3.0784869029457602,-12.884553238423
4310,6,160091596,CX,"DBv","nucleus of the diagonal band, left, horizontal division",158454222,105,116,86,-14.0,5.0,-7.0,-15.1743914050274,3.78407736138927,-7.84936691384602
4367,6,160091662,CX,"COMA","cortico-medial group, left",157580518,112,128,86,-21.0,5.0,-19.0,-23.976950859229198,2.17513527227884,-19.2501170215251
4351,6,160091646,CX,"BMA","basomedial nucleus, left",157073473,111,133,86,-20.0,5.0,-24.0,-24.816290344515298,1.52362037680841,-24.2323730944126
4379,6,160091614,CX,"LA","lateral nucleus, left",147013783,112,139,85,-21.0,6.0,-30.0,-28.036643191969802,1.0831240207597299,-30.8266068215519
4308,6,160091598,CX,"nbM","basal nucleus of meynert, left",158032961,116,123,86,-25.0,5.0,-14.0,-26.542079889784699,2.2424838243743701,-15.0009614474537
9074,7,160091634,CX,"SNC","substantia nigra, pars compacta, left",146480718,97,124,94,-6.0,-3.0,-15.0,-6.7326762526020296,-3.4126243682629198,-14.5477064240637
9075,7,160091586,CX,"SNR","substantia nigra, pars reticulata, left",157673938,99,122,94,-8.0,-3.0,-13.0,-9.0754102006703903,-3.3722960552071899,-13.0317311477813
4597,7,160091538,CX,"PalHy","pallidohypothalamic nucleus, left",158439713,97,118,94,-6.0,-3.0,-9.0,-6.7531681572784903,-3.1313521661495498,-9.14981990671413
4679,7,160091616,CX,"PHA","posterior hypothalamic area, left",158453293,95,116,94,-4.0,-3.0,-7.0,-4.4855575937657699,-2.8627227590212501,-7.3193540184315
4675,7,160091600,CX,"LM","lateral mammillary nucleus, left",158439714,94,124,94,-3.0,-3.0,-15.0,-3.1177587040860901,-3.3497331450128902,-14.2634834209852
4308,7,160091488,CX,"nbM","basal nucleus of meynert, left",149051712,114,116,94,-23.0,-3.0,-7.0,-24.005221442294399,-5.3043486221791802,-7.03080192298776
10145,5,159439107,CX,"OlfT","olfactory tubercle, left",158041236,104,127,72,-13.0,19.0,-18.0,-14.743546817543301,14.976551861642999,-17.8374410761426
9004,9,160091881,CX,"CGMB","central gray substance of midbrain, left",156982326,97,102,117,-6.0,-26.0,7.0,-6.4701869894938699,-27.0793142469226,8.23908122752028
4255,9,160091863,CX,"CA2","CA2 field, left",148020447,129,121,117,-38.0,-26.0,-12.0,-37.915239650299199,-28.520355382041899,-9.47786963036434
4254,9,160091847,CX,"CA1","CA1 field, left",148020448,126,126,117,-35.0,-26.0,-17.0,-35.3742040616333,-27.741674709564698,-14.6748375133253
4281,10,160091867,CX,"TCd","tail of caudate nucleus, left",157070569,115,109,133,-24.0,-42.0,0.0,-22.3537854867829,-44.666331805132501,1.30750170978532
4258,10,160091851,CX,"DG","dentate gyrus, left",157086720,106,106,133,-15.0,-42.0,3.0,-14.749522269239201,-43.138278633989202,4.06674572134001
4256,10,160092009,CX,"CA3","CA3 field, left",157086569,109,107,133,-18.0,-42.0,2.0,-17.3697141608219,-43.545632480315398,3.17888470020471
4351,7,159439055,CX,"BMA","basomedial nucleus, left",147057075,111,124,94,-20.0,-3.0,-15.0,-22.035763752844002,-4.4027781029783499,-15.0867055031152
4322,7,159439023,CX,"Cl","claustrum, left",156634165,127,122,94,-36.0,-3.0,-13.0,-36.882817470740903,-6.6635251687845196,-11.5817552878615
4296,7,159226093,CX,"GPi","globus pallidus, internal segment, left",158449669,111,108,94,-20.0,-3.0,1.0,-20.352242280118499,-5.4525181740696098,0.711647764250841
4295,7,159226077,CX,"GPe","globus pallidus, external segment, left",158449668,115,103,94,-24.0,-3.0,6.0,-24.367893903510598,-6.1691205467380001,6.09057789214785
4288,7,159226061,CX,"Pu","putamen, left",158449667,121,99,94,-30.0,-3.0,10.0,-29.877080585302899,-6.8659933911806803,10.8238961733302
4282,7,159226045,CX,"BCd","body of caudate nucleus, left",158449670,107,89,94,-16.0,-3.0,20.0,-16.309786325977999,-4.2262949973415402,20.2178605127932
4270,8,159226173,CX,"LIG","long insular gyri, left",156685754,127,110,107,-36.0,-16.0,-1.0,-36.526443133684097,-19.943486104898099,1.25608787495205
4244,8,159226157,CX,"PHG-l","parahippocampal gyrus, left, lateral bank of gyrus",156685749,110,138,107,-19.0,-16.0,-29.0,-21.903067527040001,-17.825113468702401,-27.7683308061409
4159,8,159226141,CX,"FuG-l","fusiform gyrus, left, lateral bank of gyrus",156685750,128,148,107,-37.0,-16.0,-39.0,-39.219400269142,-18.8263299447169,-35.35747580666
4149,8,159226109,CX,"ITG-its","inferior temporal gyrus, left, bank of the its",156685752,136,140,107,-45.0,-16.0,-31.0,-46.485799218725802,-18.615387706233602,-27.7305712567013
4244,6,159226219,CX,"PHG-l","parahippocampal gyrus, left, lateral bank of gyrus",156265462,103,138,85,-12.0,6.0,-29.0,-18.260265071591402,1.8972284858744499,-28.5189393621525
4245,6,159226203,CX,"PHG-cos","parahippocampal gyrus, left, bank of the cos",156265460,107,145,84,-16.0,7.0,-36.0,-23.465006704986799,2.1353252298087799,-36.4453576948869
4244,6,159226187,CX,"PHG-l","parahippocampal gyrus, left, lateral bank of gyrus",156265461,103,140,85,-12.0,6.0,-31.0,-18.997480044855902,1.77902942987063,-30.5191771004422
4160,6,159226171,CX,"FuG-cos","fusiform gyrus, left, bank of cos",156265459,107,147,84,-16.0,7.0,-38.0,-23.103884101144601,2.1516060576798801,-38.0983379600492
4159,6,159226155,CX,"FuG-l","fusiform gyrus, left, lateral bank of gyrus",156265458,107,151,84,-16.0,7.0,-42.0,-22.561828848119401,2.16343525172099,-41.3436913821134
4296,6,159226139,CX,"GPi","globus pallidus, internal segment, left",158405367,107,111,86,-16.0,5.0,-2.0,-16.656243003131401,3.14516423794994,-2.81034687089304
4288,6,159226107,CX,"Pu","putamen, left",158405291,116,104,86,-25.0,5.0,5.0,-24.819159751964602,1.06680663813981,4.3761623873102
4282,6,159226091,CX,"BCd","body of caudate nucleus, left",158405365,104,92,86,-13.0,5.0,17.0,-13.7902424440049,3.87727721104338,16.7823537568784
4291,5,159226059,CX,"Acb","nucleus accumbens, left",156756810,104,118,72,-13.0,19.0,-9.0,-13.2096083960786,16.789411274418899,-10.3314542059623
4288,5,159226043,CX,"Pu","putamen, left",156756808,112,109,72,-21.0,19.0,0.0,-20.773776607749301,16.371802169287999,-1.47546764324787
4280,5,159225898,CX,"HCd","head of caudate nucleus, left",156756809,103,104,72,-12.0,19.0,5.0,-12.0092557056911,17.6977430854134,2.4237297203358
4187,15,159225882,CX,"Cun-str","cuneus, left, striate",157920171,116,108,186,-25.0,-95.0,1.0,-21.914219452195201,-98.780241402435706,0.420375045879946
4215,15,159225866,CX,"SOG-i","superior occipital gyrus, left, inferior bank of gyrus",157920166,130,113,186,-39.0,-95.0,-4.0,-37.3766835940256,-97.374518729925796,-1.90188726017847
4208,15,159225850,CX,"IOG-i","inferior occipital gyrus, left, inferior bank of gyrus",157920167,112,120,186,-21.0,-95.0,-11.0,-18.035036878509299,-93.2602891637992,-19.3967985770702
4194,15,159225834,CX,"LiG-str","lingual gyrus, left, striate",157920169,108,110,186,-17.0,-95.0,-1.0,-12.382012881074299,-98.986243692355401,-5.30731708826265
4193,15,159225818,CX,"LiG-pest","lingual gyrus, left, peristriate",157920168,111,116,186,-20.0,-95.0,-7.0,-16.312213211329901,-95.2971737784044,-14.4020314104682
4187,15,159225802,CX,"Cun-str","cuneus, left, striate",157920170,114,107,186,-23.0,-95.0,2.0,-19.482181756415201,-98.577673355764205,0.992232793064152
4214,15,159225786,CX,"SOG-s","superior occipital gyrus, left, superior bank of gyrus",157920186,120,94,186,-29.0,-95.0,15.0,-25.1715790224142,-95.904162704434199,16.4842814526819
4121,14,159226119,CX,"Pcu-i","precuneus, left, inferior lateral bank of gyrus",157916040,98,79,177,-7.0,-86.0,30.0,-3.47484251073673,-83.407957324208695,30.689728565097
4120,14,159226103,CX,"Pcu-s","precuneus, left, superior lateral bank of gyrus",157916041,96,70,177,-5.0,-86.0,39.0,-2.1754886675175,-84.124237920823205,39.2695862980594
4214,14,159226167,CX,"SOG-s","superior occipital gyrus, left, superior bank of gyrus",157914948,127,87,177,-36.0,-86.0,22.0,-30.630367492432399,-86.143388184896097,23.2582868558105
4114,14,159226151,CX,"AnG-i","angular gyrus, left, inferior bank of gyrus",157914947,125,87,177,-34.0,-86.0,22.0,-28.637106379565001,-85.9678485464934,23.0575932048894
4113,14,159226135,CX,"AnG-s","angular gyrus, left, superior bank of gyrus",157914946,126,84,177,-35.0,-86.0,25.0,-29.710489199700302,-86.793405553640298,26.0666380373875
4194,14,159225722,CX,"LiG-str","lingual gyrus, left, striate",157916923,108,109,177,-17.0,-86.0,0.0,-11.9402178574283,-85.310943231290494,-5.23665979680449
4193,14,159226215,CX,"LiG-pest","lingual gyrus, left, peristriate",157916924,111,113,177,-20.0,-86.0,-4.0,-15.726170409527899,-84.260817166876294,-10.0623662191636
4187,14,159226199,CX,"Cun-str","cuneus, left, striate",157916922,103,108,177,-12.0,-86.0,1.0,-6.9567573817237198,-85.357523780308796,-5.20486695843223
4186,14,159226183,CX,"Cun-pest","cuneus, left, peristriate",157916921,100,95,177,-9.0,-86.0,14.0,-3.781630965478,-86.426359108102503,13.5584113112868
4215,14,159225770,CX,"SOG-i","superior occipital gyrus, left, inferior bank of gyrus",157916114,136,104,177,-45.0,-86.0,5.0,-40.153474713742298,-86.203606763566,8.23347682760928
4208,14,159225754,CX,"IOG-i","inferior occipital gyrus, left, inferior bank of gyrus",157916112,126,129,177,-35.0,-86.0,-20.0,-35.559619257628,-85.347655187136198,-17.3989778198993
4207,14,159225738,CX,"IOG-s","inferior occipital gyrus, left, superior bank of gyrus",157916113,138,113,177,-47.0,-86.0,-4.0,-43.423190883693302,-86.6806027752082,0.316292132656078
4237,10,159226087,CX,"CgGr-s","cingulate gyrus, retrosplenial part, left, superior bank of gyrus",156954271,95,106,133,-4.0,-42.0,3.0,-4.0706632570575199,-42.790033280436496,4.29860982082038
4245,10,159226071,CX,"PHG-cos","parahippocampal gyrus, left, bank of the cos",156954177,111,121,133,-20.0,-42.0,-12.0,-19.535683880559102,-42.623062744402802,-10.7171780742178
4244,10,159226055,CX,"PHG-l","parahippocampal gyrus, left, lateral bank of gyrus",156954269,110,121,133,-19.0,-42.0,-12.0,-18.7234653808346,-42.501472588389397,-10.9431622350279
4237,10,159226039,CX,"CgGr-s","cingulate gyrus, retrosplenial part, left, superior bank of gyrus",156954270,94,106,133,-3.0,-42.0,3.0,-2.9107541153415499,-42.810003460965198,4.40010276353142
4160,10,159226213,CX,"FuG-cos","fusiform gyrus, left, bank of cos",156954176,118,124,133,-27.0,-42.0,-15.0,-24.971863019786898,-43.103829297711499,-13.7714780522327
4245,9,159226117,CX,"PHG-cos","parahippocampal gyrus, left, bank of the cos",156949512,118,132,117,-27.0,-26.0,-23.0,-27.9252742407105,-27.115784376383701,-21.9201278719802
9222,9,159226181,CX,"cc","corpus callosum",156950588,97,84,117,-6.0,-26.0,25.0,-5.4853090961419202,-27.1191419824954,26.0900262442539
4231,9,159226165,CX,"CgGp-i","cingulate gyrus, parietal part, left, inferior bank of gyrus",156950589,96,81,117,-5.0,-26.0,28.0,-4.7159921316874804,-26.964934977548701,28.7591233524242
4230,9,159226149,CX,"CgGp-s","cingulate gyrus, parietal part, left, superior bank of gyrus",156950591,94,68,117,-3.0,-26.0,41.0,-2.53508902212466,-26.8372401861802,40.8727797398306
4074,9,159226133,CX,"PCLa-i","paracentral lobule, anterior part, left, inferior bank of gyrus",156950590,96,48,117,-5.0,-26.0,61.0,-5.7254936657958,-25.704715627883399,61.6149460917251
9222,7,159226101,CX,"cc","corpus callosum",157914702,103,80,94,-12.0,-3.0,29.0,-11.953528161485,-4.19445229547906,29.156636413718
4224,7,159226085,CX,"CgGf-i","cingulate gyrus, frontal part, left, inferior bank of gyrus",156499543,94,77,94,-3.0,-3.0,32.0,-2.5907187800394502,-4.1413487532937303,32.8597804139878
4223,7,159226069,CX,"CgGf-s","cingulate gyrus, frontal part, left, superior bank of gyrus",156499541,99,62,94,-8.0,-3.0,47.0,-7.3928582383816499,-4.8646306402229804,43.4690328757399
4023,7,159226053,CX,"SFG-m","superior frontal gyrus, left, medial bank of gyrus",156499542,93,52,94,-2.0,-3.0,57.0,-2.5077790428251401,-2.98005728556417,55.3017337769282
4245,7,159226037,CX,"PHG-cos","parahippocampal gyrus, left, bank of the cos",156501573,111,146,94,-20.0,-3.0,-37.0,-26.818537794812201,-6.2782147877459904,-37.5550953798632
4244,7,159226211,CX,"PHG-l","parahippocampal gyrus, left, lateral bank of gyrus",156501572,101,144,94,-10.0,-3.0,-35.0,-16.511169491935402,-4.9947087761262896,-33.3727034891014
4160,7,159226195,CX,"FuG-cos","fusiform gyrus, left, bank of cos",156501574,116,146,94,-25.0,-3.0,-37.0,-31.590597857311302,-6.9932487970100903,-37.1641224648008
4159,7,159226179,CX,"FuG-l","fusiform gyrus, left, lateral bank of gyrus",156501575,120,152,94,-29.0,-3.0,-43.0,-33.596679231892097,-8.1957969003751892,-42.6403045191695
4158,7,159226163,CX,"FuG-its","fusiform gyrus, left, bank of the its",156501576,125,149,94,-34.0,-3.0,-40.0,-37.812479663401,-8.9766966083380098,-39.0197840641641
4149,7,159226147,CX,"ITG-its","inferior temporal gyrus, left, bank of the its",156501577,129,145,94,-38.0,-3.0,-36.0,-41.974094125727497,-8.3327752265640402,-35.2338173087249
4710,64,158402984,CB,"Ve-VIIIB","VIIIB",156416197,93,147,168,-2.0,-77.0,-38.0,-5.1984975423412898,-74.791759314032106,-38.7389829369889
4710,64,158402888,CB,"Ve-VIIIB","VIIIB",156416196,93,150,173,-2.0,-82.0,-41.0,-6.13264526438806,-79.874163390398195,-40.6468108475268
4713,64,158402986,CB,"Ve-X","X",156421427,93,138,144,-2.0,-53.0,-29.0,-2.2617295670870399,-51.985688217766601,-31.6019752058197
4711,64,158402970,CB,"Ve-IX","IX",156421528,93,149,153,-2.0,-62.0,-40.0,-2.7589808267235201,-59.636452123771498,-41.428863981682
4702,64,158402938,CB,"Ve-IV","IV",156421167,93,114,142,-2.0,-51.0,-5.0,-1.6701316998148901,-52.055233342076697,-4.28735025338733
4720,63,158402948,CB,"PV-V","V, left, paravermis",156426541,103,119,155,-12.0,-64.0,-10.0,-11.4015462516958,-60.328568126651902,-12.9185386484021
4720,63,158402900,CB,"PV-V","V, left, paravermis",156426540,103,119,157,-12.0,-66.0,-10.0,-11.358889987853599,-61.856893556150901,-13.2864663334159
4718,63,159226131,CB,"PV-III","III, left, paravermis",156426442,103,128,128,-12.0,-37.0,-19.0,-10.9923453022988,-36.400278692531501,-19.7159516515056
4722,63,158403012,CB,"PV-VI","VI, left, paravermis",156428327,103,121,168,-12.0,-77.0,-12.0,-11.7763855214563,-72.6567958356475,-19.5708412279076
4724,63,158402996,CB,"PV-Crus II","Crus II, left, paravermis",156428465,103,139,188,-12.0,-97.0,-30.0,-13.319352121919,-92.650022021289701,-32.7806830810072
4727,63,158402966,CB,"PV-VIIIB","VIIIB, left, paravermis",156512561,103,166,157,-12.0,-66.0,-57.0,-13.918169938153399,-64.835847561232598,-55.1715883875135
4725,63,158402934,CB,"PV-VIIB","VIIB, left, paravermis",156512883,103,165,165,-12.0,-74.0,-56.0,-14.660631920031401,-74.6771057212149,-53.695116618438
4725,63,158402870,CB,"PV-VIIB","VIIB, left, paravermis",156512886,103,162,165,-12.0,-74.0,-53.0,-14.984223779954901,-74.732465281125798,-51.0325108449033
4739,62,159226067,CB,"He-Crus I","Crus I, left, lateral hemisphere",156518272,119,145,182,-28.0,-91.0,-36.0,-28.920532010963399,-88.930043910354797,-34.823606388553
4739,62,158402866,CB,"He-Crus I","Crus I, left, lateral hemisphere",156518272,118,145,182,-27.0,-91.0,-36.0,-28.0706700516604,-89.059258545041303,-35.0990941567364
4736,62,158402994,CB,"He-V","V, left, lateral hemisphere",156517736,119,134,144,-28.0,-53.0,-25.0,-28.150173081116399,-51.384765955586403,-23.9758567987478
4742,61,158403006,CB,"He-VIIIA","VIIIA, left, lateral hemisphere",156555757,128,171,151,-37.0,-60.0,-62.0,-38.683328425714897,-61.0078785403132,-62.4509379542431
4738,61,159226051,CB,"He-VI","VI, left, lateral hemisphere",156553101,128,137,143,-37.0,-52.0,-28.0,-37.449115541717099,-51.104185887741501,-26.1078571269203
4740,61,158402848,CB,"He-Crus II","Crus II, left, lateral hemisphere",156560175,128,158,171,-37.0,-80.0,-49.0,-39.218824309503503,-81.171209407198305,-46.7193134893066
4150,11,158158349,CX,"ITG-l","inferior temporal gyrus, left, lateral bank of gyrus",156991062,147,139,145,-56.0,-54.0,-30.0,-57.282242321242997,-53.885861371917102,-24.8098551699087
4158,10,158158219,CX,"FuG-its","fusiform gyrus, left, bank of the its",156954365,147,138,133,-56.0,-42.0,-29.0,-55.232744490652202,-42.359445900671403,-24.2594322431971
4088,9,159226035,CX,"PoG-sl","postcentral gyrus, left, superior lateral aspect of gyrus",156942099,121,36,117,-30.0,-26.0,73.0,-33.036835615300603,-24.6312947707133,71.9304438159851
4224,5,159226099,CX,"CgGf-i","cingulate gyrus, frontal part, left, inferior bank of gyrus",155893085,94,79,72,-3.0,19.0,30.0,-3.0100570908349402,17.506782698598801,28.0743672189092
4024,3,157772868,CX,"SFG-l","superior frontal gyrus, left, lateral bank of gyrus",155781930,110,55,47,-19.0,44.0,54.0,-19.8797425586664,45.5361249671897,48.1629409173545
4023,2,157772849,CX,"SFG-m","superior frontal gyrus, left, medial bank of gyrus",155738139,101,74,36,-10.0,55.0,35.0,-5.7471679045551802,55.275426836541001,31.8668488005611
4706,64,158402920,CB,"Ve-VIIAf","VIIAf",156416593,93,132,171,-2.0,-80.0,-23.0,-4.7025323829271404,-75.134625423743003,-30.2241137640692
4705,64,158402904,CB,"Ve-VI","VI",156416902,93,113,177,-2.0,-86.0,-4.0,-3.6647243643413399,-81.365379094465197,-14.6320852079137
4700,64,158402906,CB,"Ve-I-II","I-II",156420952,93,130,135,-2.0,-44.0,-21.0,-1.7340963718682101,-43.683723788420799,-21.8267561714835
4713,64,158402890,CB,"Ve-X","X",156421426,93,139,144,-2.0,-53.0,-30.0,-2.2776352274440499,-52.055220716542102,-32.5337571086299
4711,64,158402874,CB,"Ve-IX","IX",156421527,93,151,156,-2.0,-65.0,-42.0,-3.0407264126998101,-62.858130660486999,-43.4959409077414
4703,64,158402858,CB,"Ve-V","V",156421286,93,107,156,-2.0,-65.0,2.0,1.0835776934161501,-62.541276580842002,-0.964469040709846
4700,64,158403000,CB,"Ve-I-II","I-II",156420951,93,131,137,-2.0,-46.0,-22.0,-1.78455019442999,-45.831674329360602,-23.0776572810242
4723,63,158402980,CB,"PV-Crus I","Crus I, left, paravermis",156428337,103,124,188,-12.0,-97.0,-15.0,-11.8940256299502,-89.623024874562603,-23.6463214214325
4722,63,158402964,CB,"PV-VI","VI, left, paravermis",156428326,103,121,170,-12.0,-79.0,-12.0,-11.594958457863299,-74.548604455608597,-20.4493437031709
4727,63,158402902,CB,"PV-VIIIB","VIIIB, left, paravermis",156512560,103,163,158,-12.0,-67.0,-54.0,-14.0418942200244,-65.211979653850406,-52.6103960989455
4743,62,158403024,CB,"He-VIIIB","VIIIB, left, lateral hemisphere",156515261,119,163,136,-28.0,-45.0,-54.0,-28.1504337019221,-41.556560711371198,-53.4147183689833
4742,62,158402978,CB,"He-VIIIA","VIIIA, left, lateral hemisphere",156518379,119,169,158,-28.0,-67.0,-60.0,-28.688721930361002,-67.718740387039205,-59.7689799983953
4741,62,158402962,CB,"He-VIIB","VIIB, left, lateral hemisphere",156518370,119,163,167,-28.0,-76.0,-54.0,-29.131433591733899,-76.736166389456301,-53.5923377434691
4740,62,158402946,CB,"He-Crus II","Crus II, left, lateral hemisphere",156518347,119,152,179,-28.0,-88.0,-43.0,-29.498968128603298,-88.192023134310105,-41.9969497941475
4739,62,158402930,CB,"He-Crus I","Crus I, left, lateral hemisphere",156518346,119,143,183,-28.0,-92.0,-34.0,-28.560355988881199,-88.869860045319697,-32.8928545877737
4740,62,158402882,CB,"He-Crus II","Crus II, left, lateral hemisphere",156518342,119,151,179,-28.0,-88.0,-42.0,-29.550515838731901,-87.897303214390007,-40.8849770355079
4738,62,158402852,CB,"He-VI","VI, left, lateral hemisphere",156517952,119,133,158,-28.0,-67.0,-24.0,-29.9067244751377,-64.058168662130498,-20.073508699068
4738,62,158403010,CB,"He-VI","VI, left, lateral hemisphere",156517951,119,133,159,-28.0,-68.0,-24.0,-29.967186571439299,-64.936746302841101,-19.8970059107566
4738,61,158402958,CB,"He-VI","VI, left, lateral hemisphere",156553100,128,136,145,-37.0,-54.0,-27.0,-37.5521526162238,-53.062361290562897,-24.9024525027257
4739,61,158402880,CB,"He-Crus I","Crus I, left, lateral hemisphere",156560176,128,139,178,-37.0,-87.0,-30.0,-36.931093614722599,-83.792249207760406,-25.8684393353039
4120,13,158158257,CX,"Pcu-s","precuneus, left, superior lateral bank of gyrus",157026121,101,68,169,-10.0,-78.0,41.0,-8.7968716165140908,-76.959383873189296,40.8816917016878
4099,13,158158305,CX,"SPL-i","superior parietal lobule, left, inferior bank of gyrus",157064999,124,87,168,-33.0,-77.0,22.0,-27.481679036164401,-76.774889591161596,23.4129026137129
4208,13,158402926,CX,"IOG-i","inferior occipital gyrus, left, inferior bank of gyrus",157026186,135,131,166,-44.0,-75.0,-22.0,-43.576906537723303,-74.741596408047698,-14.6928537374728
4194,13,158402894,CX,"LiG-str","lingual gyrus, left, striate",157058084,105,101,167,-14.0,-76.0,8.0,-8.8747535012798497,-74.566198975325506,8.10003497956608
4113,12,158158255,CX,"AnG-s","angular gyrus, left, superior bank of gyrus",157020734,120,57,155,-29.0,-64.0,52.0,-26.943125625503001,-61.934457835112802,54.6273502411376
4193,12,158158319,CX,"LiG-pest","lingual gyrus, left, peristriate",157019431,111,122,155,-20.0,-64.0,-13.0,-20.916286625517198,-61.267687720437102,-12.34210232677
4207,12,158158367,CX,"IOG-s","inferior occipital gyrus, left, superior bank of gyrus",157016700,152,95,155,-61.0,-64.0,14.0,-56.187470128677703,-66.450682499804202,16.5060106451287
4113,11,158158379,CX,"AnG-s","angular gyrus, left, superior bank of gyrus",156991103,134,59,146,-43.0,-55.0,50.0,-41.956529083290903,-54.151929789145299,50.4860898742182
4230,11,158158221,CX,"CgGp-s","cingulate gyrus, parietal part, left, superior bank of gyrus",156994262,96,85,146,-5.0,-55.0,24.0,-3.83908147627869,-52.851618621980798,26.4669389518166
4143,11,158158301,CX,"MTG-i","middle temporal gyrus, left, inferior bank of gyrus",156997508,145,113,145,-54.0,-54.0,-4.0,-51.117694238080702,-54.5527005785545,1.12828521362976
4201,11,158158381,CX,"OTG-i","occipito-temporal gyrus, left, inferior bank of gyrus",156991060,137,131,145,-46.0,-54.0,-22.0,-45.543583847570098,-54.045519520394599,-18.611245948088
4127,10,158158249,CX,"PCLp-l","paracentral lobule, posterior part, left, lateral bank of gyrus",156954788,95,27,133,-4.0,-42.0,82.0,-5.0323931797941004,-37.740921775284399,81.1493717790356
4231,10,158158297,CX,"CgGp-i","cingulate gyrus, parietal part, left, inferior bank of gyrus",156954311,94,81,133,-3.0,-42.0,28.0,-2.7079959828317399,-41.356045036064401,30.1366235592607
4142,10,158158377,CX,"MTG-s","middle temporal gyrus, left, superior bank of gyrus",156951641,156,104,133,-65.0,-42.0,5.0,-62.706778169647102,-45.383465280927403,5.33735512414786
4136,10,158158361,CX,"STG-i","superior temporal gyrus, left, inferior bank of gyrus",156951640,142,102,133,-51.0,-42.0,7.0,-47.8714005405592,-44.708624821722601,9.73717722169043
4149,10,158158393,CX,"ITG-its","inferior temporal gyrus, left, bank of the its",156954366,151,137,133,-60.0,-42.0,-28.0,-58.1836166560688,-42.267220275493401,-22.39917786866
4151,10,158158283,CX,"ITG-mts","inferior temporal gyrus, left, bank of mts",156952409,155,116,133,-64.0,-42.0,-7.0,-61.681112386183898,-44.778074214098197,-4.49908292433105
4088,9,158158389,CX,"PoG-sl","postcentral gyrus, left, superior lateral aspect of gyrus",156942099,120,36,117,-29.0,-26.0,73.0,-32.019331127784604,-24.736529479093299,71.9522371074034
4015,9,158158341,CX,"PrG-cs","precentral gyrus, left, bank of the central sulcus",156942090,104,37,117,-13.0,-26.0,72.0,-14.416889985188,-22.514078063693699,71.1421397367897
4106,9,158158231,CX,"SMG-s","supramarginal gyrus, left, superior bank of gyrus",156942013,148,55,117,-57.0,-26.0,54.0,-58.423141718881602,-27.1384394552713,50.5864572261503
4089,9,158158215,CX,"PoG-il","postcentral gyrus, left, inferior lateral aspect of gyrus",156942012,133,39,117,-42.0,-26.0,70.0,-45.510542898325298,-26.424100890002901,67.6278520052744
4172,9,158158279,CX,"PLT","planum temporale, left",156949432,151,91,117,-60.0,-26.0,18.0,-58.739980185181402,-30.523462239791499,17.5724139785106
4149,9,158158295,CX,"ITG-its","inferior temporal gyrus, left, bank of the its",156942562,142,138,117,-51.0,-26.0,-29.0,-48.566343122049403,-27.3070870043483,-23.9107114633712
4151,9,158158217,CX,"ITG-mts","inferior temporal gyrus, left, bank of mts",156939065,152,130,117,-61.0,-26.0,-21.0,-58.2368510011135,-28.2186029177929,-18.761511877579
4074,8,158158275,CX,"PCLa-i","paracentral lobule, anterior part, left, inferior bank of gyrus",156684809,100,61,107,-9.0,-16.0,48.0,-11.0080168024157,-16.726471441778699,47.3606022734789
4073,8,158158259,CX,"PCLa-s","paracentral lobule, anterior part, left, superior bank of gyrus",156684997,91,54,107,0.0,-16.0,55.0,0.78818039375499604,-15.8802958066589,55.26941958047
4088,8,158158371,CX,"PoG-sl","postcentral gyrus, left, superior lateral aspect of gyrus",156684321,138,46,107,-47.0,-16.0,63.0,-50.405297581770697,-16.252693679417298,60.6195665938159
4135,8,158158245,CX,"STG-l","superior temporal gyrus, left, lateral bank of gyrus",156685332,160,110,107,-69.0,-16.0,-1.0,-66.8038517596285,-19.124171748843299,0.0883487995396155
4013,7,157773006,CX,"PrG-sl","precentral gyrus, left, superior lateral aspect of gyrus",156435094,125,45,93,-34.0,-2.0,64.0,-34.843864836651299,-1.50887513944306,62.1023829107564
4087,7,157772864,CX,"PoG-cs","postcentral gyrus, left, bank of the central sulcus",156504405,151,81,94,-60.0,-3.0,28.0,-58.511839629917702,-4.5197730907786404,26.1610908100746
4014,7,157773040,CX,"PrG-il","precentral gyrus, left, inferior lateral aspect of gyrus",156504404,148,62,94,-57.0,-3.0,47.0,-56.555163236569598,-4.6756270031654701,46.6956503567537
4169,7,157772944,CX,"TG","transverse gyri, left",156503066,152,113,94,-61.0,-3.0,-4.0,-59.232098984839901,-5.7549510656479503,-1.20605988692917
4135,7,157772912,CX,"STG-l","superior temporal gyrus, left, lateral bank of gyrus",156503065,157,114,94,-66.0,-3.0,-5.0,-62.8474591830417,-5.52986372800832,-1.88477099944901
4223,6,157772908,CX,"CgGf-s","cingulate gyrus, frontal part, left, superior bank of gyrus",156431650,97,67,86,-6.0,5.0,42.0,-6.6112499864385201,4.0492904839089299,41.0251305752507
4023,6,157772876,CX,"SFG-m","superior frontal gyrus, left, medial bank of gyrus",156431649,91,41,86,0.0,5.0,68.0,0.0099859920446175206,6.5338777517382098,66.7173694443959
4030,6,157772972,CX,"MFG-s","middle frontal gyrus, left, superior bank of gyrus",156431526,129,44,86,-38.0,5.0,65.0,-36.6464598279155,6.9788962678411401,64.5895154998689
4273,6,157772894,CX,"SIG","short insular gyri, left",156432772,132,105,86,-41.0,5.0,4.0,-41.857172022520302,-2.4010864630823598,4.25896616599728
4270,6,157772878,CX,"LIG","long insular gyri, left",156432773,132,113,86,-41.0,5.0,-4.0,-40.9129689809889,-1.3696671635355799,-3.74895486923125
4135,6,158158243,CX,"STG-l","superior temporal gyrus, left, lateral bank of gyrus",156432775,150,113,86,-59.0,5.0,-4.0,-59.010568659698102,1.0645373909183,-2.99924241151019
4135,6,157773036,CX,"STG-l","superior temporal gyrus, left, lateral bank of gyrus",156432775,149,113,86,-58.0,5.0,-4.0,-58.208014616857596,0.65098362826741696,-3.36308150331135
4143,6,157772942,CX,"MTG-i","middle temporal gyrus, left, inferior bank of gyrus",156265697,137,151,83,-46.0,8.0,-42.0,-47.939456375224701,1.7538882638740301,-41.4459730484216
4280,5,157772860,CX,"HCd","head of caudate nucleus, left",156757264,108,93,72,-17.0,19.0,16.0,-16.433248560671899,16.754667263204801,13.5863963227231
4224,4,157772922,CX,"CgGf-i","cingulate gyrus, frontal part, left, inferior bank of gyrus",155842530,93,84,65,-2.0,26.0,25.0,-1.96209593878936,23.9605030647764,22.0536176304672
4051,4,157772970,CX,"MOrG","medial orbital gyrus, left",155850204,106,135,64,-15.0,27.0,-26.0,-18.576725828024198,19.721185352739901,-24.7712521476697
4273,4,157773016,CX,"SIG","short insular gyri, left",155848794,121,108,63,-30.0,28.0,1.0,-28.823987015014701,25.023375426158399,-1.09746460516224
4039,4,157773000,CX,"trIFG","inferior frontal gyrus, triangular part, left",155848795,138,105,62,-47.0,29.0,4.0,-46.572500302829802,23.1495974861677,3.99013286898968
4903,4,157772874,CX,"TP-s","temporal pole, left, superior aspect",155844581,130,133,63,-39.0,28.0,-24.0,-41.029050898494802,20.230890378043899,-24.6663586631004
4045,4,157773032,CX,"orIFG","inferior frontal gyrus, orbital part, left",155844578,140,116,63,-49.0,28.0,-7.0,-48.780845743405997,22.1766355924027,-6.43331415263548
4223,5,157772998,CX,"CgGf-s","cingulate gyrus, frontal part, left, superior bank of gyrus",155905710,93,62,72,-2.0,19.0,47.0,-1.78555829200581,18.5700418059279,45.5402639101244
4042,5,157772856,CX,"opIFG","inferior frontal gyrus, opercular part, left",155893116,134,73,71,-43.0,20.0,36.0,-43.4331748020318,17.195240503403198,33.3202616920767
4042,5,157773030,CX,"opIFG","inferior frontal gyrus, opercular part, left",155893115,136,71,71,-45.0,20.0,38.0,-45.503891712859598,17.878776647895499,35.7982361100339
4031,5,157773014,CX,"MFG-i","middle frontal gyrus, left, inferior bank of gyrus",155893114,133,57,71,-42.0,20.0,52.0,-42.266231338976098,20.334547345777899,49.6270140708497
4135,5,158158211,CX,"STG-l","superior temporal gyrus, left, lateral bank of gyrus",155899603,149,121,73,-58.0,18.0,-12.0,-57.441767892477301,12.2265190896796,-12.3114729801374
4079,5,157772872,CX,"fro","frontal operculum, left",155899604,135,112,71,-44.0,20.0,-3.0,-44.787685089624503,13.625236401504001,-2.14263938945717
4904,5,157772952,CX,"TP-i","temporal pole, left, inferior aspect",156184343,121,145,73,-30.0,18.0,-36.0,-34.985874742809401,9.2668713439382806,-38.5951239041181
4223,4,157772918,CX,"CgGf-s","cingulate gyrus, frontal part, left, superior bank of gyrus",155874960,97,66,65,-6.0,26.0,43.0,-6.3011309112235301,25.873805407988499,41.2943445684178
4223,3,157772884,CX,"CgGf-s","cingulate gyrus, frontal part, left, superior bank of gyrus",155781928,97,81,47,-6.0,44.0,28.0,-5.0308503780712899,42.061725137840597,24.7479962542238
4030,3,157772900,CX,"MFG-s","middle frontal gyrus, left, superior bank of gyrus",155829608,119,79,47,-28.0,44.0,30.0,-29.9249382927837,41.475529309058402,24.0797585348589
4060,3,157772870,CX,"LOrG","lateral orbital gyrus, left",155779804,124,118,48,-33.0,43.0,-9.0,-34.362292451814803,39.309310896191398,-9.99852241309103
4045,2,157772914,CX,"orIFG","inferior frontal gyrus, orbital part, left",155776346,135,111,36,-44.0,55.0,-2.0,-46.105428741139498,48.255710321558702,-2.52268360314018
4901,2,157772994,CX,"IRoG","inferior rostral gyrus, left",155735102,99,114,36,-8.0,55.0,-5.0,-8.0841238467705594,52.733125318503298,-8.56443376222351
4224,2,157772962,CX,"CgGf-i","cingulate gyrus, frontal part, left, inferior bank of gyrus",155734946,95,97,37,-4.0,54.0,12.0,-3.1219063840997201,54.040578202242401,7.6930292602442
4051,2,157772946,CX,"MOrG","medial orbital gyrus, left",155735104,107,131,36,-16.0,55.0,-22.0,-14.5359842550632,49.670603489827201,-23.4396049070281
4060,2,157773026,CX,"LOrG","lateral orbital gyrus, left",155701386,128,120,36,-37.0,55.0,-11.0,-38.209701549038599,50.993040171665903,-13.016500004309
4708,64,158402952,CB,"Ve-VIIB","VIIB",156416285,93,137,171,-2.0,-80.0,-28.0,-5.2250566104496601,-75.974545320596803,-32.7236189178792
4707,64,158402936,CB,"Ve-VIIAt","VIIAt",156416418,93,142,186,-2.0,-95.0,-33.0,-5.66736757564881,-89.230166204073498,-34.8048325188126
4709,64,158402872,CB,"Ve-VIIIA","VIIIA",156416122,93,144,181,-2.0,-90.0,-35.0,-6.3830545269463403,-85.939281852068902,-36.2630569602222
4701,64,158402922,CB,"Ve-III","III",156421078,93,119,136,-2.0,-45.0,-10.0,-1.9626286192367,-44.421396304100199,-11.3499983280626
4702,64,158403032,CB,"Ve-IV","IV",156421166,93,113,144,-2.0,-53.0,-4.0,-1.5421496522334099,-54.7334743379743,-3.63575611625623
4701,64,158403016,CB,"Ve-III","III",156421077,93,119,138,-2.0,-47.0,-10.0,-2.0254495804760499,-46.330283116121898,-11.0533091402244
4719,63,158402932,CB,"PV-IV","IV, left, paravermis",156426493,103,122,134,-12.0,-43.0,-13.0,-11.9050052024787,-42.637433900475102,-13.6249114748539
4718,63,158402916,CB,"PV-III","III, left, paravermis",156426443,103,129,128,-12.0,-37.0,-20.0,-11.0077778400962,-36.445515412216601,-20.8658239287926
4726,63,158402950,CB,"PV-VIIIA","VIIIA, left, paravermis",156512631,103,166,158,-12.0,-67.0,-57.0,-14.073291799345499,-66.043779738160495,-54.9832072129213
4728,63,158402918,CB,"PV-IX","IX, left, paravermis",156511927,103,170,149,-12.0,-58.0,-61.0,-12.9326567379739,-58.546995918950003,-61.35627836617
4746,62,158402850,CB,"He-X","X, left, lateral hemisphere",156515194,119,158,134,-28.0,-43.0,-49.0,-28.349470725554902,-39.7302524204365,-47.8476806554152
4735,62,158403008,CB,"He-IV","IV, left, lateral hemisphere",156515336,119,135,128,-28.0,-37.0,-26.0,-28.701876468770902,-37.037492457010003,-25.1587912431098
4746,62,158402976,CB,"He-X","X, left, lateral hemisphere",156515193,119,157,135,-28.0,-44.0,-48.0,-28.189611782232099,-40.856433082012501,-47.0662231814069
4735,62,158402944,CB,"He-IV","IV, left, lateral hemisphere",156515362,119,135,129,-28.0,-38.0,-26.0,-28.575787069335899,-38.0380564407413,-25.3417074270494
4742,62,158402914,CB,"He-VIIIA","VIIIA, left, lateral hemisphere",156518378,119,168,160,-28.0,-69.0,-59.0,-28.661073327636998,-69.798175906761401,-59.0458345272828
4738,61,158402990,CB,"He-VI","VI, left, lateral hemisphere",156553101,127,137,143,-36.0,-52.0,-28.0,-36.4414926668858,-51.056723981868103,-26.2845948338365
4741,61,158402864,CB,"He-VIIB","VIIB, left, lateral hemisphere",156560936,128,169,154,-37.0,-63.0,-60.0,-38.849118202849503,-63.991297175389001,-60.378008499002
4739,61,158403022,CB,"He-Crus I","Crus I, left, lateral hemisphere",156560174,128,142,178,-37.0,-87.0,-33.0,-37.037727804199001,-84.245156313573204,-29.299490922466
4186,13,158158289,CX,"Cun-pest","cuneus, left, peristriate",157026119,103,82,168,-12.0,-77.0,27.0,-10.615551996473,-73.681657397182505,29.7508539257616
4121,13,158158273,CX,"Pcu-i","precuneus, left, inferior lateral bank of gyrus",157026120,103,80,168,-12.0,-77.0,29.0,-10.7952383475135,-73.714101309652406,31.4242239697332
4098,13,158158241,CX,"SPL-s","superior parietal lobule, left, superior bank of gyrus",157026122,115,54,169,-24.0,-78.0,55.0,-21.232590443731102,-75.579092748837198,56.3345047461061
4114,13,158158337,CX,"AnG-i","angular gyrus, left, inferior bank of gyrus",157064997,133,87,167,-42.0,-76.0,22.0,-36.761908580951498,-76.670971933559798,24.5010755485862
4215,13,158402942,CX,"SOG-i","superior occipital gyrus, left, inferior bank of gyrus",157026188,138,97,167,-47.0,-76.0,12.0,-40.901403071861701,-76.221161678916104,15.2507419585539
4193,13,158158385,CX,"LiG-pest","lingual gyrus, left, peristriate",157058086,105,120,167,-14.0,-76.0,-11.0,-13.315552461209499,-71.855835642993597,-17.0300120114089
4187,13,158158369,CX,"Cun-str","cuneus, left, striate",157058085,103,96,168,-12.0,-77.0,13.0,-8.0267162541622206,-75.509352760217695,13.5684234208356
4120,12,158158223,CX,"Pcu-s","precuneus, left, superior lateral bank of gyrus",157021193,97,70,155,-6.0,-64.0,39.0,-5.7887561134558903,-63.756179713600702,41.0949277085987
4098,12,158158397,CX,"SPL-s","superior parietal lobule, left, superior bank of gyrus",157021192,117,43,155,-26.0,-64.0,66.0,-24.869693500930801,-60.484035334056898,69.6435040137717
4114,12,158158271,CX,"AnG-i","angular gyrus, left, inferior bank of gyrus",157020735,150,75,155,-59.0,-64.0,34.0,-55.098920260722899,-67.5986244060324,33.5686924115815
4121,11,158158331,CX,"Pcu-i","precuneus, left, inferior lateral bank of gyrus",157001440,101,72,146,-10.0,-55.0,37.0,-10.052039165044301,-55.380178154753203,38.3869182743182
4120,11,158158315,CX,"Pcu-s","precuneus, left, superior lateral bank of gyrus",157001439,96,37,146,-5.0,-55.0,72.0,-4.9939893220913998,-50.5064589076635,72.8720369146901
4200,12,158158351,CX,"OTG-s","occipito-temporal gyrus, left, superior bank of gyrus",157019430,126,126,155,-35.0,-64.0,-17.0,-34.476460952030997,-62.9378465587113,-13.4389631751308
4194,12,158158335,CX,"LiG-str","lingual gyrus, left, striate",157019432,116,110,155,-25.0,-64.0,-1.0,-21.545733007574999,-63.256170764223597,0.759802880908318
4187,12,158158303,CX,"Cun-str","cuneus, left, striate",157019433,116,104,155,-25.0,-64.0,5.0,-20.490018852894099,-64.3072738078924,5.78654064851859
4208,12,158158225,CX,"IOG-i","inferior occipital gyrus, left, inferior bank of gyrus",157021062,150,120,155,-59.0,-64.0,-11.0,-54.010648928392499,-66.325767612916493,-5.61965069136839
4099,11,158158363,CX,"SPL-i","superior parietal lobule, left, inferior bank of gyrus",156991102,116,61,146,-25.0,-55.0,48.0,-23.9319943534401,-53.558887392228399,49.9988443049144
4098,11,158158347,CX,"SPL-s","superior parietal lobule, left, superior bank of gyrus",156991101,117,43,146,-26.0,-55.0,66.0,-26.257226449733899,-52.1183536234971,67.7785169839901
4142,11,158158285,CX,"MTG-s","middle temporal gyrus, left, superior bank of gyrus",156997507,143,100,145,-52.0,-54.0,9.0,-46.4705106625197,-56.4020953353563,11.5654249975571
4200,11,158158365,CX,"OTG-s","occipito-temporal gyrus, left, superior bank of gyrus",156991059,117,128,146,-26.0,-55.0,-19.0,-25.614129644212401,-53.014754359664401,-17.6012987976222
4128,10,158402878,CX,"PCLp-cs","paracentral lobule, posterior part, left, bank of cingulate sulcus",156954786,94,55,133,-3.0,-42.0,54.0,-2.79435443004536,-40.495669559618598,55.5291967231046
4128,10,158158265,CX,"PCLp-cs","paracentral lobule, posterior part, left, bank of cingulate sulcus",156954786,93,55,133,-2.0,-42.0,54.0,-1.69255475778358,-40.842757789047802,55.4692257994821
4098,10,158158233,CX,"SPL-s","superior parietal lobule, left, superior bank of gyrus",156954789,115,39,133,-24.0,-42.0,70.0,-25.950152705374101,-40.2041118799618,68.819917823452
4106,10,158158329,CX,"SMG-s","supramarginal gyrus, left, superior bank of gyrus",156952017,142,59,133,-51.0,-42.0,50.0,-51.398374549852797,-43.373736764113303,48.0405689222476
4135,10,158158345,CX,"STG-l","superior temporal gyrus, left, lateral bank of gyrus",156951639,162,95,133,-71.0,-42.0,14.0,-67.591212859848895,-44.481698054959999,14.9895763396257
4159,10,158158235,CX,"FuG-l","fusiform gyrus, left, lateral bank of gyrus",156954364,138,138,133,-47.0,-42.0,-29.0,-47.900052725534501,-42.2306737408312,-26.01490799227
4143,10,158158251,CX,"MTG-i","middle temporal gyrus, left, inferior bank of gyrus",156952410,154,113,133,-63.0,-42.0,-4.0,-60.796031710973999,-45.537609122732597,-2.30646353580881
4135,9,158158263,CX,"STG-l","superior temporal gyrus, left, lateral bank of gyrus",156949433,159,85,117,-68.0,-26.0,24.0,-66.493692977652998,-30.242282279483401,22.1364974825267
4158,9,158158327,CX,"FuG-its","fusiform gyrus, left, bank of the its",156942561,137,136,117,-46.0,-26.0,-27.0,-43.887613616801403,-27.489913994477298,-23.2922530153319
4013,8,157773024,CX,"PrG-sl","precentral gyrus, left, superior lateral aspect of gyrus",156684998,115,32,107,-24.0,-16.0,77.0,-26.055601395918998,-14.441520654670599,75.8940089029685
4089,8,158158387,CX,"PoG-il","postcentral gyrus, left, inferior lateral aspect of gyrus",156684322,150,60,107,-59.0,-16.0,49.0,-60.302260833948203,-18.4079431199801,46.8464083008864
4087,8,158158355,CX,"PoG-cs","postcentral gyrus, left, bank of the central sulcus",156684245,128,51,107,-37.0,-16.0,58.0,-41.440752073041402,-14.435001933475601,54.3119398229134
4015,8,158158339,CX,"PrG-cs","precentral gyrus, left, bank of the central sulcus",156684244,125,47,107,-34.0,-16.0,62.0,-39.453838888486899,-15.619116725333299,58.5665063602461
4169,8,158158229,CX,"TG","transverse gyri, left",156684041,143,110,107,-52.0,-16.0,-1.0,-51.473361122177998,-20.517377051844498,3.27953461159895
4166,8,158158213,CX,"HG","Heschl's gyrus, left",156684040,134,99,107,-43.0,-16.0,10.0,-43.748506963098897,-21.305935692630001,12.860399709786
4136,8,158158325,CX,"STG-i","superior temporal gyrus, left, inferior bank of gyrus",156685334,149,116,107,-58.0,-16.0,-7.0,-55.546811442714898,-19.251218093408099,-3.45174401470798
4151,8,158158309,CX,"ITG-mts","inferior temporal gyrus, left, bank of mts",156685241,150,141,107,-59.0,-16.0,-32.0,-57.574123109814003,-18.3619324042584,-27.369708333678
4136,8,158158261,CX,"STG-i","superior temporal gyrus, left, inferior bank of gyrus",156685333,153,116,107,-62.0,-16.0,-7.0,-59.455540097492502,-19.074595419412798,-4.06356651351811
4024,7,157773022,CX,"SFG-l","superior frontal gyrus, left, lateral bank of gyrus",156435092,116,50,93,-25.0,-2.0,59.0,-25.3830004216607,-2.0461997039658399,57.393009737492
4270,7,157772960,CX,"LIG","long insular gyri, left",156503064,135,104,94,-44.0,-3.0,5.0,-44.344660674117797,-9.2766696338698207,5.97278195632718
4142,7,157772992,CX,"MTG-s","middle temporal gyrus, left, superior bank of gyrus",156497616,153,128,94,-62.0,-3.0,-19.0,-60.031624131929902,-6.6416411721007496,-16.7104892137589
4024,6,157772892,CX,"SFG-l","superior frontal gyrus, left, lateral bank of gyrus",156431648,114,47,86,-23.0,5.0,62.0,-21.635834329334902,6.0282258082621896,60.8917430310011
4178,6,157772862,CX,"PLP","planum polare, left",156432774,136,123,86,-45.0,5.0,-14.0,-44.964684401034901,0.097194213293302897,-12.8414180661514
4143,6,157772974,CX,"MTG-i","middle temporal gyrus, left, inferior bank of gyrus",156265698,136,149,83,-45.0,8.0,-40.0,-47.396928198145403,1.6760250580938301,-39.4090267104691
4142,6,157772926,CX,"MTG-s","middle temporal gyrus, left, superior bank of gyrus",156265694,142,146,83,-51.0,8.0,-37.0,-52.935473195382301,2.99267304432564,-34.8561508774984
9222,4,157772954,CX,"cc","corpus callosum",155842529,102,92,65,-11.0,26.0,17.0,-10.8088709362204,24.022516146434398,13.7445155197343
4280,4,157772938,CX,"HCd","head of caudate nucleus, left",156757326,108,101,65,-17.0,26.0,8.0,-15.810791287012099,24.1264113802422,4.94275232419906
4280,4,157773018,CX,"HCd","head of caudate nucleus, left",156757331,108,106,65,-17.0,26.0,3.0,-15.836249465854999,24.189248194075802,0.292847353937558
4030,5,157772982,CX,"MFG-s","middle frontal gyrus, left, superior bank of gyrus",155905708,114,62,71,-23.0,20.0,47.0,-24.54178764337,17.583424839072102,44.4946172305075
4178,5,157772904,CX,"PLP","planum polare, left",155899602,141,119,73,-50.0,18.0,-10.0,-50.487657613996298,11.8395756569267,-9.88092588151089
4135,5,157772888,CX,"STG-l","superior temporal gyrus, left, lateral bank of gyrus",155899603,148,121,73,-57.0,18.0,-12.0,-56.732584831795897,12.221885001192399,-12.380855564216
4905,5,157772984,CX,"TP-m","temporal pole, left, medial aspect",156184353,107,143,73,-16.0,18.0,-34.0,-24.268527900210099,10.4741916831435,-35.4291789100799
4149,5,157772936,CX,"ITG-its","inferior temporal gyrus, left, bank of the its",156184344,116,150,73,-25.0,18.0,-41.0,-30.397843258236001,10.154982848406901,-43.158483069604
4024,4,158402846,CX,"SFG-l","superior frontal gyrus, left, lateral bank of gyrus",155874971,107,56,65,-16.0,26.0,53.0,-21.000763091593601,24.765326392771101,49.1557087913379
4031,3,157772916,CX,"MFG-i","middle frontal gyrus, left, inferior bank of gyrus",155829609,141,89,47,-50.0,44.0,20.0,-50.343507690562198,40.299795840334802,17.0289679152213
4901,3,157772996,CX,"IRoG","inferior rostral gyrus, left",155807875,96,122,49,-5.0,42.0,-13.0,-3.9389702653429701,38.610992052578801,-14.4189531347454
4057,3,157772964,CX,"POrG","posterior orbital gyrus, left",155818765,118,119,49,-27.0,42.0,-10.0,-27.9070892169564,37.597466289562099,-11.1388429120037
4051,3,157772948,CX,"MOrG","medial orbital gyrus, left",155818763,110,132,49,-19.0,42.0,-23.0,-20.3289478494336,34.881655025496201,-22.2001652895125
4060,3,157772854,CX,"LOrG","lateral orbital gyrus, left",155779803,125,120,48,-34.0,43.0,-11.0,-35.6851725934646,39.111350622535397,-11.7101039225952
4031,2,157772898,CX,"MFG-i","middle frontal gyrus, left, inferior bank of gyrus",155776342,125,89,35,-34.0,56.0,20.0,-33.554400266837199,55.332433413764001,16.1655414000141
4030,2,157772882,CX,"MFG-s","middle frontal gyrus, left, superior bank of gyrus",155776335,121,79,35,-30.0,56.0,30.0,-31.0403584841483,54.451039228841701,25.184818717796
4024,2,157772866,CX,"SFG-l","superior frontal gyrus, left, lateral bank of gyrus",155776332,118,71,35,-27.0,56.0,38.0,-27.102825939372799,54.529462921889902,32.5221394890027
4898,2,157772978,CX,"SRoG","superior rostral gyrus, left",155735101,95,106,37,-4.0,54.0,3.0,-4.0780069066603302,53.268964906338098,-0.985072849401234
4048,2,157772930,CX,"GRe","gyrus rectus, left",155735103,98,128,36,-7.0,55.0,-19.0,-6.0535381637581001,51.206594359157997,-22.3142214674255
4054,2,157773010,CX,"AOrG","anterior orbital gyrus, left",155701387,115,123,36,-24.0,55.0,-14.0,-25.310446496921799,50.768319798656798,-15.3972089476826
4158,8,159226125,CX,"FuG-its","fusiform gyrus, left, bank of the its",156685751,131,140,107,-40.0,-16.0,-31.0,-42.371374794473297,-18.6360659255683,-27.9104622277786
4295,6,159226123,CX,"GPe","globus pallidus, external segment, left",158405366,110,107,86,-19.0,5.0,2.0,-19.1708834698149,2.1641481190984799,1.26060472847857
4703,64,158402954,CB,"Ve-V","V",156421287,93,107,155,-2.0,-64.0,2.0,0.95750184032851704,-61.7563313068854,-0.780749061601921
4150,10,158158267,CX,"ITG-l","inferior temporal gyrus, left, lateral bank of gyrus",156952408,161,120,133,-70.0,-42.0,-11.0,-67.196540940678105,-43.542759935857802,-8.79763479096376
4224,8,158158307,CX,"CgGf-i","cingulate gyrus, frontal part, left, inferior bank of gyrus",156684807,94,81,107,-3.0,-16.0,28.0,-2.0546671025129499,-17.086748925252301,29.4314637500137
4069,4,157773002,CX,"PaOG","parolfactory gyri, left",155850203,93,135,64,-2.0,27.0,-26.0,-1.9057663015155599,22.18992687666,-25.5446374150819
4903,4,157772906,CX,"TP-s","temporal pole, left, superior aspect",155844582,134,132,63,-43.0,28.0,-23.0,-44.1641629952709,20.368852630144701,-23.5004720573608
9456,91,160535223,BS,"MBRa","midbrain raphe nuclei, left",158829256,91,134,130,0.0,-39.0,-25.0,0.036936911226033202,-38.842201871462599,-24.8796432054987
13008,6,160091518,CX,"LHT","lateral hypothalamic area, tuberal region, left",158405289,102,115,86,-11.0,5.0,-6.0,-11.9389514152126,4.0065072520865197,-6.68331291637249
4573,6,160091612,CX,"PVH","paraventricular nucleus of the hypothalamus, left",158405195,95,108,86,-4.0,5.0,1.0,-4.0445041207950698,4.8342338321102201,-0.0052755017220345
4395,7,160091664,CX,"DTA","anterior group of nuclei, left",146480691,98,97,94,-7.0,-3.0,12.0,-6.9534449046807802,-2.87566711205264,13.8741074148489
4648,7,160091536,CX,"PeF","perifornical nucleus, left",158444318,96,120,94,-5.0,-3.0,-11.0,-5.5772724742937196,-3.1356200227105901,-10.967103656086
4295,8,159439025,CX,"GPe","globus pallidus, external segment, left",147808390,119,110,107,-28.0,-16.0,-1.0,-28.666148555429601,-18.406566806294801,0.424976111368992
4417,9,160091975,CX,"DTLv","lateral group of nuclei, left, ventral division",156903026,112,102,117,-21.0,-26.0,7.0,-21.482747018688801,-27.256763625901801,7.83294153520319
4709,64,158402968,CB,"Ve-VIIIA","VIIIA",156416123,93,146,181,-2.0,-90.0,-37.0,-6.1284103884080698,-86.295622757474106,-37.7420936079948
4708,64,158402856,CB,"Ve-VIIB","VIIB",156416318,93,136,170,-2.0,-79.0,-27.0,-4.7633382486107001,-74.798473437682603,-32.1125355931036
4707,64,158403030,CB,"Ve-VIIAt","VIIAt",156416417,93,141,188,-2.0,-97.0,-32.0,-5.2709469091363497,-90.823286546334202,-34.1110733701536
4706,64,158403014,CB,"Ve-VIIAf","VIIAf",156416592,93,130,173,-2.0,-82.0,-21.0,-5.1969918395072696,-76.759168657962505,-29.4800148296849
4705,64,158402998,CB,"Ve-VI","VI",156416901,93,116,177,-2.0,-86.0,-7.0,-5.24024600939042,-81.467142496308199,-18.4457124711427
4719,63,158402884,CB,"PV-IV","IV, left, paravermis",156427266,103,121,135,-12.0,-44.0,-12.0,-12.070081383895699,-43.701263871317302,-12.5217293585015
4724,63,158402854,CB,"PV-Crus II","Crus II, left, paravermis",156428428,103,143,187,-12.0,-96.0,-34.0,-13.4357620038995,-92.983678121246996,-35.8906754360319
4723,63,158403028,CB,"PV-Crus I","Crus I, left, paravermis",156428338,103,125,186,-12.0,-95.0,-16.0,-12.2286780685282,-88.241208527057793,-24.4780541091438
4728,63,158402982,CB,"PV-IX","IX, left, paravermis",156511928,103,171,146,-12.0,-55.0,-62.0,-12.746403460546601,-55.935059892442503,-63.9888333043476
4726,63,158402886,CB,"PV-VIIIA","VIIIA, left, paravermis",156512630,103,166,161,-12.0,-70.0,-57.0,-14.457434015130399,-69.925762958932395,-54.6134581471599
4734,62,158402992,CB,"He-III","III, left, lateral hemisphere",156515495,119,137,125,-28.0,-34.0,-28.0,-29.078350787596399,-33.855280798085801,-26.8487013844078
4743,62,158402960,CB,"He-VIIIB","VIIIB, left, lateral hemisphere",156515260,119,164,135,-28.0,-44.0,-55.0,-28.409583160344599,-40.581703504705501,-54.5494991362248
4734,62,158402928,CB,"He-III","III, left, lateral hemisphere",156515494,119,137,124,-28.0,-33.0,-28.0,-29.163591861307101,-32.794953849815599,-26.7250485848101
4741,62,158402898,CB,"He-VIIB","VIIB, left, lateral hemisphere",156518351,119,162,169,-28.0,-78.0,-53.0,-29.343529790956499,-78.979208048537501,-52.2310128839664
4736,62,158403026,CB,"He-V","V, left, lateral hemisphere",156517737,119,134,145,-28.0,-54.0,-25.0,-28.173035866670901,-52.234292030180399,-23.9122864289811
4742,61,158402974,CB,"He-VIIIA","VIIIA, left, lateral hemisphere",156555701,128,170,151,-37.0,-60.0,-61.0,-38.8068577759013,-60.794978332235203,-61.1471256679548
4741,61,158402912,CB,"He-VIIB","VIIB, left, lateral hemisphere",156560937,128,170,153,-37.0,-62.0,-61.0,-38.730754986959298,-63.030036258189398,-61.4802864881346
4740,61,158402896,CB,"He-Crus II","Crus II, left, lateral hemisphere",156560177,128,160,170,-37.0,-79.0,-51.0,-39.151753699586003,-80.446880481988401,-49.2199344252057
4214,13,158158353,CX,"SOG-s","superior occipital gyrus, left, superior bank of gyrus",157065000,133,93,167,-42.0,-76.0,16.0,-35.363296799451597,-75.776445933898401,19.6614647458864
4113,13,158158321,CX,"AnG-s","angular gyrus, left, superior bank of gyrus",157064998,127,80,168,-36.0,-77.0,29.0,-30.052111621580899,-78.074219687103906,29.8387246571037
4207,13,158402910,CX,"IOG-s","inferior occipital gyrus, left, superior bank of gyrus",157026187,145,95,166,-54.0,-75.0,14.0,-48.178751696875501,-75.608256488707099,17.2472662718535
4099,12,158158239,CX,"SPL-i","superior parietal lobule, left, inferior bank of gyrus",157020733,116,64,155,-25.0,-64.0,45.0,-22.7408253595028,-62.406562382837201,47.6663303835719
4098,11,158158299,CX,"SPL-s","superior parietal lobule, left, superior bank of gyrus",157001438,110,34,146,-19.0,-55.0,75.0,-19.150088356349901,-51.690714108733196,76.1144222924885
4121,12,158158287,CX,"Pcu-i","precuneus, left, inferior lateral bank of gyrus",157019434,107,93,155,-16.0,-64.0,16.0,-13.2363578744227,-61.942474876475998,18.1359584107811
4207,12,158158383,CX,"IOG-s","inferior occipital gyrus, left, superior bank of gyrus",157016701,153,97,155,-62.0,-64.0,12.0,-57.066074828669599,-66.108934376399205,14.7786548194792
4201,12,158158399,CX,"OTG-i","occipito-temporal gyrus, left, inferior bank of gyrus",157021061,132,131,155,-41.0,-64.0,-22.0,-40.799813061916197,-63.799540159642603,-16.4342926583338
4193,11,158158253,CX,"LiG-pest","lingual gyrus, left, peristriate",156994265,114,112,146,-23.0,-55.0,-3.0,-21.024806698275,-54.516558779661104,-0.434125883191406
4231,11,158158237,CX,"CgGp-i","cingulate gyrus, parietal part, left, inferior bank of gyrus",156994263,98,105,146,-7.0,-55.0,4.0,-4.9095612640657196,-54.000964278261897,4.71040350512395
4193,11,158158395,CX,"LiG-pest","lingual gyrus, left, peristriate",156994264,116,111,146,-25.0,-55.0,-2.0,-22.691884445340701,-54.8127876482991,0.642055919450783
4114,11,158158269,CX,"AnG-i","angular gyrus, left, inferior bank of gyrus",156991108,153,71,146,-62.0,-55.0,38.0,-58.323699134197199,-57.628196761132003,37.3402074849005
4151,11,158158317,CX,"ITG-mts","inferior temporal gyrus, left, bank of mts",156997521,146,115,145,-55.0,-54.0,-6.0,-51.935641552795502,-54.730086865510899,-1.00981324754006
4149,11,158158333,CX,"ITG-its","inferior temporal gyrus, left, bank of the its",156991061,140,132,145,-49.0,-54.0,-23.0,-48.321057536386803,-54.137851217447398,-19.010975672823
4230,10,158158281,CX,"CgGp-s","cingulate gyrus, parietal part, left, superior bank of gyrus",156954787,97,61,133,-6.0,-42.0,48.0,-6.0820258979539004,-40.719891057732198,49.3288004757836
4099,10,158158313,CX,"SPL-i","superior parietal lobule, left, inferior bank of gyrus",156952016,138,49,133,-47.0,-42.0,60.0,-48.6688288321931,-43.068943975737,57.3981113646991
4087,9,158158373,CX,"PoG-cs","postcentral gyrus, left, bank of the central sulcus",156942098,117,51,117,-26.0,-26.0,58.0,-29.089760914629402,-25.113978568805202,55.8038152089723
4073,9,158158357,CX,"PCLa-s","paracentral lobule, anterior part, left, superior bank of gyrus",156942089,91,36,117,0.0,-26.0,73.0,-0.36288296664608799,-24.621994079495298,72.9247804612259
4107,9,158158247,CX,"SMG-i","supramarginal gyrus, left, inferior bank of gyrus",156949431,151,83,117,-60.0,-26.0,26.0,-59.108041958003597,-30.304384680087299,24.1963252800969
4159,9,158158343,CX,"FuG-l","fusiform gyrus, left, lateral bank of gyrus",156942560,125,140,117,-34.0,-26.0,-31.0,-35.500904732917,-26.782282075667801,-28.4768526603682
4150,9,158158311,CX,"ITG-l","inferior temporal gyrus, left, lateral bank of gyrus",156942563,153,144,117,-62.0,-26.0,-35.0,-60.332232917089897,-27.044727480578999,-27.1688692551664
4143,9,158158391,CX,"MTG-i","middle temporal gyrus, left, inferior bank of gyrus",156939064,154,126,117,-63.0,-26.0,-17.0,-59.9275751560142,-28.401022914189198,-16.5581068747802
4142,9,158158375,CX,"MTG-s","middle temporal gyrus, left, superior bank of gyrus",156939063,147,119,117,-56.0,-26.0,-10.0,-52.168188218797198,-29.097044985729699,-8.59660297454938
4136,9,158158359,CX,"STG-i","superior temporal gyrus, left, inferior bank of gyrus",156939062,148,106,117,-57.0,-26.0,3.0,-54.116640334682302,-29.945214687841101,4.34935683902948
4223,8,158158291,CX,"CgGf-s","cingulate gyrus, frontal part, left, superior bank of gyrus",156684808,98,65,107,-7.0,-16.0,44.0,-8.16739483635941,-16.729876056298401,43.3917202463186
4014,8,158158323,CX,"PrG-il","precentral gyrus, left, inferior lateral aspect of gyrus",156684243,127,43,107,-36.0,-16.0,66.0,-41.834144979373001,-16.293023190369599,63.4055737099322
4150,8,158158293,CX,"ITG-l","inferior temporal gyrus, left, lateral bank of gyrus",156685240,143,145,107,-52.0,-16.0,-36.0,-52.000608740959798,-19.320862730503801,-31.921960751239
4143,8,158158277,CX,"MTG-i","middle temporal gyrus, left, inferior bank of gyrus",156685252,154,139,107,-63.0,-16.0,-30.0,-61.072628355111299,-17.668451108809599,-25.0549271681979
4012,7,157772990,CX,"PrG-prc","precentral gyrus, left, bank of the precentral sulcus",156435093,119,46,93,-28.0,-2.0,63.0,-29.7028705488671,-1.46498039282371,60.9374656770247
4088,7,157772880,CX,"PoG-sl","postcentral gyrus, left, superior lateral aspect of gyrus",156504406,154,67,94,-63.0,-3.0,42.0,-63.194754583210901,-6.93355549258807,40.8671529272205
4166,7,157772976,CX,"HG","Heschl's gyrus, left",156503068,140,108,94,-49.0,-3.0,1.0,-49.410908404416801,-8.5578975757201707,2.15026306965564
4166,7,157772928,CX,"HG","Heschl's gyrus, left",156503067,138,110,94,-47.0,-3.0,-1.0,-48.140548796378397,-8.9438906871154007,0.0436755403267787
4089,7,157772896,CX,"PoG-il","postcentral gyrus, left, inferior lateral aspect of gyrus",156503063,159,97,94,-68.0,-3.0,12.0,-65.348912325612403,-5.7345974996608504,11.6717249287929
4151,7,157773008,CX,"ITG-mts","inferior temporal gyrus, left, bank of mts",156497615,141,145,94,-50.0,-3.0,-36.0,-51.500252117433398,-7.6159018577256097,-34.3592941368526
4031,6,157772988,CX,"MFG-i","middle frontal gyrus, left, inferior bank of gyrus",156431528,129,69,86,-38.0,5.0,40.0,-37.3927859444482,2.3792808058438699,38.489324977204
4013,6,157772956,CX,"PrG-sl","precentral gyrus, left, superior lateral aspect of gyrus",156431530,146,59,86,-55.0,5.0,50.0,-53.7506133641646,3.5671174097767899,49.6968663688865
4012,6,157772940,CX,"PrG-prc","precentral gyrus, left, bank of the precentral sulcus",156431532,135,76,86,-44.0,5.0,33.0,-43.4516942878546,2.0161143906735601,32.4165711635945
4079,6,157773020,CX,"fro","frontal operculum, left",156432771,151,108,86,-60.0,5.0,1.0,-58.743491980903997,1.7473954190954999,2.46130426319359
4014,6,157773004,CX,"PrG-il","precentral gyrus, left, inferior lateral aspect of gyrus",156432770,155,103,86,-64.0,5.0,6.0,-61.514304338942097,2.7075695951201899,7.29532673975557
4149,6,157772958,CX,"ITG-its","inferior temporal gyrus, left, bank of the its",156265695,118,151,84,-27.0,7.0,-42.0,-32.681134728474497,0.82808196301651804,-42.784372293495
4149,6,158402862,CX,"ITG-its","inferior temporal gyrus, left, bank of the its",156265695,117,151,84,-26.0,7.0,-42.0,-31.821977468083801,1.02319531824995,-42.7353462917407
4136,6,157772910,CX,"STG-i","superior temporal gyrus, left, inferior bank of gyrus",156265693,143,128,86,-52.0,5.0,-19.0,-51.189061299015499,-1.0048061148766001,-18.5648259109844
4224,4,158158227,CX,"CgGf-i","cingulate gyrus, frontal part, left, inferior bank of gyrus",155842530,92,84,65,-1.0,26.0,25.0,-0.748407943396318,23.846487448666501,21.9358820621034
4063,4,157772986,CX,"SCG","subcallosal cingulate gyrus, left",155850202,96,128,64,-5.0,27.0,-19.0,-5.0576404907985903,23.3485178976917,-19.2679702071811
4904,4,157772890,CX,"TP-i","temporal pole, left, inferior aspect",155844580,118,148,63,-27.0,28.0,-39.0,-30.926815709992599,19.497701538403799,-40.8478620120536
4057,4,157772858,CX,"POrG","posterior orbital gyrus, left",155844579,126,130,63,-35.0,28.0,-21.0,-37.3874974729355,21.1160519584495,-21.7661185850132
4023,5,157772966,CX,"SFG-m","superior frontal gyrus, left, medial bank of gyrus",155905709,95,57,71,-4.0,20.0,52.0,-4.7284430713081704,19.863332377350801,50.4299639552258
4273,5,157772920,CX,"SIG","short insular gyri, left",155899605,129,111,71,-38.0,20.0,-2.0,-38.016158882443101,13.7643929065697,-2.19660405166875
4024,4,157772902,CX,"SFG-l","superior frontal gyrus, left, lateral bank of gyrus",155874971,106,56,65,-15.0,26.0,53.0,-19.720122578952701,24.9590478131426,49.1751105373157
4023,4,157772886,CX,"SFG-m","superior frontal gyrus, left, medial bank of gyrus",155874967,92,52,65,-1.0,26.0,57.0,-1.8651422096963399,26.583415563272201,55.9519444363407
4031,4,157772950,CX,"MFG-i","middle frontal gyrus, left, inferior bank of gyrus",155853027,144,75,62,-53.0,29.0,34.0,-52.212421901332597,27.468348871321901,31.4751682465696
4030,4,157772934,CX,"MFG-s","middle frontal gyrus, left, superior bank of gyrus",155853026,116,53,65,-25.0,26.0,56.0,-29.7432302015016,24.98564910788,52.4751652100144
4023,3,157772852,CX,"SFG-m","superior frontal gyrus, left, medial bank of gyrus",155781929,96,56,47,-5.0,44.0,53.0,-4.0159157580854199,46.680884167723299,51.3312003566152
4224,3,157772980,CX,"CgGf-i","cingulate gyrus, frontal part, left, inferior bank of gyrus",155807874,95,115,49,-4.0,42.0,-6.0,-2.75003889697587,40.333454906891703,-9.18577851155584
4048,3,157772932,CX,"GRe","gyrus rectus, left",155807925,99,133,49,-8.0,42.0,-24.0,-7.6334033011553402,36.949056449046999,-24.9367917158627
4045,3,157773028,CX,"orIFG","inferior frontal gyrus, orbital part, left",155779802,140,118,47,-49.0,44.0,-9.0,-50.793474174915403,38.4849108456241,-9.8548309540833
4039,3,157773012,CX,"trIFG","inferior frontal gyrus, triangular part, left",155779801,145,102,47,-54.0,44.0,7.0,-53.630052615630703,37.759659668472999,6.15361020289627
9708,8,160091917,CX,"CPLV","choroid plexus of the lateral ventricle",159215934,111,125,107,-20.0,-16.0,-16.0,-20.9093076737743,-18.058085611705401,-14.5803847709122
4288,8,160092011,CX,"Pu","putamen, left",147066327,122,112,107,-31.0,-16.0,-3.0,-31.482711385719099,-18.641410959871799,-1.27121823805014
4281,8,160091995,CX,"TCd","tail of caudate nucleus, left",158747208,126,123,107,-35.0,-16.0,-14.0,-35.8861745458263,-18.6936609070599,-12.3475941580902
4256,8,160091947,CX,"CA3","CA3 field, left",147066199,121,126,107,-30.0,-16.0,-17.0,-31.013526263210199,-18.546821118299501,-15.0759414272186
4251,8,160091899,CX,"S","subiculum, left",147066197,113,132,107,-22.0,-16.0,-23.0,-23.935706719269898,-18.207431190431301,-21.6946127061866
4644,6,160091550,CX,"ARH","arcuate nucleus of the hypothalamus, left",158729674,99,122,85,-8.0,6.0,-13.0,-9.1557254124427203,4.4767294684325298,-13.1770889067556
4641,6,160091534,CX,"DMH","dorsomedial hypothalamic nucleus, left",158405194,96,114,85,-5.0,6.0,-5.0,-5.3736787537702604,5.3593570688374301,-5.7678333320627
4308,6,160091660,CX,"nbM","basal nucleus of meynert, left",158405284,111,123,86,-20.0,5.0,-14.0,-21.992876507955099,2.7507033910991199,-15.0442230522204
4593,6,160091628,CX,"SO","supraoptic nucleus, left",158405192,105,123,86,-14.0,5.0,-14.0,-15.890278737541699,3.11402173318216,-14.4567912659088
10145,6,160091580,CX,"OlfT","olfactory tubercle, left",158438882,113,122,86,-22.0,5.0,-13.0,-23.804761159767398,2.6318496445494701,-14.3569989161646
4542,6,160091564,CX,"PrOR","preoptic region, left",158728506,98,110,86,-7.0,5.0,-1.0,-7.5242130366025197,4.5405476510214697,-1.88363852027621
4313,6,160091532,CX,"BST","bed  nucleus of stria terminalis, left",158729675,98,100,86,-7.0,5.0,9.0,-7.3156920801686702,4.6830543702094696,9.08704609527034
4310,6,160091516,CX,"DBv","nucleus of the diagonal band, left, horizontal division",158405536,104,116,86,-13.0,5.0,-7.0,-14.1257641978585,3.8515488960539299,-7.75577279394458
4291,6,160091484,CX,"Acb","nucleus accumbens, left",158403258,106,116,86,-15.0,5.0,-7.0,-16.215357677459501,3.6830910879596299,-7.93331651373588
4342,6,160091630,CX,"BLA","basolateral nucleus, left",147013810,109,136,86,-18.0,5.0,-27.0,-23.9940589249181,1.1517746008951399,-27.2525063950418
4518,7,160091602,CX,"Sb","subthalamic nucleus, left",146480717,98,117,94,-7.0,-3.0,-8.0,-7.8818592263550498,-3.1914676960816801,-8.21631483867284
4432,7,160091554,CX,"ILr","rostral group of intralaminar nuclei, left",146480694,97,106,94,-6.0,-3.0,3.0,-5.5654340115895602,-2.2166241680278498,3.25087309881707
4417,7,160091522,CX,"DTLv","lateral group of nuclei, left, ventral division",146480693,101,102,94,-10.0,-3.0,7.0,-10.3063629227655,-3.2474425789850199,7.59502223420958
4400,7,160091506,CX,"DTM","medial group of nuclei, left",146480692,96,105,94,-5.0,-3.0,4.0,-4.4247183360391302,-2.14288744356445,4.37580704066042
4395,7,160091490,CX,"DTA","anterior group of nuclei, left",158449684,97,97,94,-6.0,-3.0,12.0,-5.8090263646399203,-2.79170302664002,14.0754801842812
13005,7,160091648,CX,"LHM","lateral hypothalamic area, mammillary region, left",158453292,95,121,94,-4.0,-3.0,-12.0,-4.4077723463779304,-3.1277853283302699,-11.7970058916076
10151,7,160091632,CX,"LTu","lateral tuberal nucleus, left",158440754,97,121,94,-6.0,-3.0,-12.0,-6.7064503065963796,-3.2300788641292502,-11.9466724267691
4669,7,160091568,CX,"SuM","supramammillary nucleus, left",158444265,94,119,94,-3.0,-3.0,-10.0,-3.31171494066942,-2.9907630018404001,-10.0103580908174
4667,7,160091552,CX,"TM","tuberomammillary nucleus, left",158439715,96,121,94,-5.0,-3.0,-12.0,-5.5530396375582303,-3.17553038754735,-11.8679940938418
4322,7,160091504,CX,"Cl","claustrum, left",146842673,127,106,94,-36.0,-3.0,3.0,-36.059624514108499,-8.5652931678414905,3.65721275923068
4301,5,159439123,CX,"SptN","septal nuclei, left",158740891,96,110,72,-5.0,19.0,-1.0,-5.0899646338526896,18.2332587445168,-3.9692557064673
10143,5,159439091,CX,"Pir","piriform cortex, left",155899644,122,129,72,-31.0,19.0,-20.0,-33.928190377766903,13.4300686630689,-20.8548547087728
9031,8,159439059,CX,"3","oculomotor nuclear complex, left",157825947,93,118,107,-2.0,-16.0,-9.0,-1.6672518311559399,-15.202608388135999,-7.9453183643676
4409,8,159439027,CX,"DTLd","lateral group of nuclei, left, dorsal division",157087442,108,92,107,-17.0,-16.0,17.0,-17.277026350773198,-17.183986667310599,17.344165510379
4437,8,159439011,CX,"ILc","caudal group of intralaminar nuclei, left",157082432,101,105,107,-10.0,-16.0,4.0,-10.8644416669338,-16.480634651101099,4.555621322338
9054,8,159438995,CX,"RN","red nucleus, left",158168906,97,119,107,-6.0,-16.0,-10.0,-5.8978252799373498,-15.4947568653938,-9.39399801917794
4518,8,159438963,CX,"Sb","subthalamic nucleus, left",147274346,109,115,107,-18.0,-16.0,-6.0,-18.9550892616192,-17.051172660430201,-5.54076356592374
4506,8,159439121,CX,"R","reticular nucleus of thalamus, left",156505627,112,97,107,-21.0,-16.0,12.0,-21.2009884709597,-17.639965286230399,12.6539107588257
4432,8,159439105,CX,"ILr","rostral group of intralaminar nuclei, left",157087433,106,93,107,-15.0,-16.0,16.0,-15.395448129454,-17.115418446936498,16.3916786975843
4417,8,159439089,CX,"DTLv","lateral group of nuclei, left, ventral division",157087441,108,103,107,-17.0,-16.0,6.0,-17.855057529610399,-17.2579939645425,6.49612947454818
4400,8,159439073,CX,"DTM","medial group of nuclei, left",157087434,99,98,107,-8.0,-16.0,11.0,-8.3950381007438395,-16.9671771206614,12.2182439873631
4395,8,159439057,CX,"DTA","anterior group of nuclei, left",157083123,104,89,107,-13.0,-16.0,20.0,-12.806256458504601,-17.165428549197099,20.7687113158401
4288,8,159439009,CX,"Pu","putamen, left",156505629,119,102,107,-28.0,-16.0,7.0,-28.0594688274047,-18.505964702732999,8.38696082061384
4282,8,159438993,CX,"BCd","body of caudate nucleus, left",156505628,111,86,107,-20.0,-16.0,23.0,-19.2945655671281,-17.40278773647,23.1048605737141
9115,9,160091945,CX,"SC","superior colliculus, left",156988290,99,104,117,-8.0,-26.0,5.0,-8.6258280017870899,-26.786991602027602,5.84924021067749
4444,9,160091913,CX,"MG","medial geniculate complex, left",157973933,104,113,117,-13.0,-26.0,-4.0,-13.403188091651399,-26.382202929412699,-3.94521894395461
4524,9,160091865,CX,"Hl","lateral habenular nucleus, left",157921044,100,95,117,-9.0,-26.0,14.0,-8.39435832127762,-27.459739326491199,15.291247903017
4428,9,160091991,CX,"DTP","posterior group of nuclei, left",156936435,104,103,117,-13.0,-26.0,6.0,-13.749939542029599,-26.725951911388702,6.62947606186797
4282,9,160091943,CX,"BCd","body of caudate nucleus, left",157923735,115,93,117,-24.0,-26.0,16.0,-23.645628423697701,-27.361903343390502,16.8881103820391
4281,9,160091927,CX,"TCd","tail of caudate nucleus, left",157923259,128,114,117,-37.0,-26.0,-5.0,-36.272078609687497,-29.0957852487944,-2.48478779847489
4257,9,160091895,CX,"CA4","CA4 field, left",148020445,121,121,117,-30.0,-26.0,-12.0,-29.9857579381876,-28.146089155402901,-10.5558126015644
4256,9,160091879,CX,"CA3","CA3 field, left",148020446,124,120,117,-33.0,-26.0,-11.0,-32.915126200015997,-28.410527487951899,-9.09984546393627
4251,9,160091831,CX,"S","subiculum, left",148020506,112,121,117,-21.0,-26.0,-12.0,-21.341704164159498,-27.377385473428099,-11.1557056601738
9115,10,160091883,CX,"SC","superior colliculus, left",156988516,107,117,133,-16.0,-42.0,-8.0,-15.678360979970901,-42.460584358351802,-7.31277935225886
4257,10,160091835,CX,"CA4","CA4 field, left",157086721,106,107,133,-15.0,-42.0,2.0,-14.7124155247893,-43.168980438533801,2.99460685526675
4255,10,160091993,CX,"CA2","CA2 field, left",157086950,111,107,133,-20.0,-42.0,2.0,-19.101290571304201,-43.848362123005003,3.27934754593486
4254,10,160091977,CX,"CA1","CA1 field, left",157086949,103,106,133,-12.0,-42.0,3.0,-12.0310581297789,-42.976648295698503,3.88658068543972
4251,10,160091961,CX,"S","subiculum, left",157086681,102,110,133,-11.0,-42.0,-1.0,-10.626510597859999,-43.059516902275298,-1.18863809074533
4254,7,159438977,CX,"CA1","CA1 field, left",156265315,115,135,94,-24.0,-3.0,-26.0,-28.5900310760703,-6.2076138021586198,-25.0882030842394
4329,7,159438945,CX,"ATZ","amygdalohippocampal transition zone, left",156844242,106,127,94,-15.0,-3.0,-18.0,-17.269869190383002,-4.41574937255539,-17.6707542960468
4308,7,159439119,CX,"nbM","basal nucleus of meynert, left",156989056,118,119,94,-27.0,-3.0,-10.0,-28.246300823368902,-5.5477468503662601,-9.04851000499528
4379,7,159439103,CX,"LA","lateral nucleus, left",156835171,116,130,94,-25.0,-3.0,-21.0,-28.2997661136475,-5.87941257359837,-20.306952622562
4367,7,159439087,CX,"COMA","cortico-medial group, left",147057077,108,123,94,-17.0,-3.0,-14.0,-18.871352984039,-4.0770292951263896,-14.3314526960015
4360,7,159439071,CX,"CeA","central nucleus, left",147057076,114,121,94,-23.0,-3.0,-12.0,-24.7118311170412,-4.6664349664923099,-11.9473710563015
4342,7,159439039,CX,"BLA","basolateral nucleus, left",147057074,112,127,94,-21.0,-3.0,-18.0,-23.530724406130201,-4.8053950576148301,-17.6874537795297
4785,64,159438991,CB,"Glo","globose nucleus, left",156978055,93,139,156,-2.0,-65.0,-30.0,-3.1705562232248599,-61.396074581864902,-33.0054217506993
4783,64,159438975,CB,"Emb","emboliform nucleus, left",156978968,93,136,153,-2.0,-62.0,-27.0,-3.01789064412938,-58.873308374236203,-30.4708631960071
4782,64,159438959,CB,"Dt","dentate nucleus, left",156419141,93,127,155,-2.0,-64.0,-18.0,-2.7946938397420098,-61.813428433571097,-21.865955359987
4782,63,159438943,CB,"Dt","dentate nucleus, left",156513391,103,139,155,-12.0,-64.0,-30.0,-13.4483208809123,-60.560933606591597,-32.8269396296624
